{
  "dataset_revision": "ebfcd844eadd3d667efa3c57fc5c8c87f5c2867e",
  "task_name": "AILAStatutes",
  "mteb_version": "1.39.7",
  "scores": {
    "test": [
      {
        "ndcg_at_1": 0.92,
        "ndcg_at_3": 0.70594,
        "ndcg_at_5": 0.66569,
        "ndcg_at_10": 0.77086,
        "ndcg_at_20": 0.81741,
        "ndcg_at_100": 0.84075,
        "ndcg_at_1000": 0.84075,
        "map_at_1": 0.22533,
        "map_at_3": 0.42117,
        "map_at_5": 0.52838,
        "map_at_10": 0.62299,
        "map_at_20": 0.65779,
        "map_at_100": 0.66763,
        "map_at_1000": 0.66763,
        "recall_at_1": 0.22533,
        "recall_at_3": 0.453,
        "recall_at_5": 0.61467,
        "recall_at_10": 0.81833,
        "recall_at_20": 0.928,
        "recall_at_100": 1.0,
        "recall_at_1000": 1.0,
        "precision_at_1": 0.92,
        "precision_at_3": 0.64,
        "precision_at_5": 0.528,
        "precision_at_10": 0.352,
        "precision_at_20": 0.201,
        "precision_at_100": 0.0434,
        "precision_at_1000": 0.00434,
        "mrr_at_1": 0.92,
        "mrr_at_3": 0.95,
        "mrr_at_5": 0.95,
        "mrr_at_10": 0.95,
        "mrr_at_20": 0.95,
        "mrr_at_100": 0.95,
        "mrr_at_1000": 0.95,
        "nauc_ndcg_at_1_max": 0.855859,
        "nauc_ndcg_at_1_std": -0.325047,
        "nauc_ndcg_at_1_diff1": 0.861111,
        "nauc_ndcg_at_3_max": 0.248601,
        "nauc_ndcg_at_3_std": 0.190287,
        "nauc_ndcg_at_3_diff1": -0.059028,
        "nauc_ndcg_at_5_max": 0.21417,
        "nauc_ndcg_at_5_std": 0.113174,
        "nauc_ndcg_at_5_diff1": -0.128755,
        "nauc_ndcg_at_10_max": 0.397236,
        "nauc_ndcg_at_10_std": 0.256118,
        "nauc_ndcg_at_10_diff1": 0.196573,
        "nauc_ndcg_at_20_max": 0.336135,
        "nauc_ndcg_at_20_std": 0.255766,
        "nauc_ndcg_at_20_diff1": 0.051704,
        "nauc_ndcg_at_100_max": 0.320465,
        "nauc_ndcg_at_100_std": 0.190334,
        "nauc_ndcg_at_100_diff1": 0.035157,
        "nauc_ndcg_at_1000_max": 0.320465,
        "nauc_ndcg_at_1000_std": 0.190334,
        "nauc_ndcg_at_1000_diff1": 0.035157,
        "nauc_map_at_1_max": 0.406732,
        "nauc_map_at_1_std": -0.252129,
        "nauc_map_at_1_diff1": 0.261536,
        "nauc_map_at_3_max": 0.2656,
        "nauc_map_at_3_std": 0.145809,
        "nauc_map_at_3_diff1": -0.067485,
        "nauc_map_at_5_max": 0.210606,
        "nauc_map_at_5_std": 0.125391,
        "nauc_map_at_5_diff1": -0.127216,
        "nauc_map_at_10_max": 0.319441,
        "nauc_map_at_10_std": 0.252571,
        "nauc_map_at_10_diff1": 0.080573,
        "nauc_map_at_20_max": 0.286683,
        "nauc_map_at_20_std": 0.260685,
        "nauc_map_at_20_diff1": -0.011094,
        "nauc_map_at_100_max": 0.27663,
        "nauc_map_at_100_std": 0.243168,
        "nauc_map_at_100_diff1": -0.024784,
        "nauc_map_at_1000_max": 0.27663,
        "nauc_map_at_1000_std": 0.243168,
        "nauc_map_at_1000_diff1": -0.024784,
        "nauc_recall_at_1_max": 0.406732,
        "nauc_recall_at_1_std": -0.252129,
        "nauc_recall_at_1_diff1": 0.261536,
        "nauc_recall_at_3_max": 0.274579,
        "nauc_recall_at_3_std": 0.199301,
        "nauc_recall_at_3_diff1": -0.109566,
        "nauc_recall_at_5_max": 0.145817,
        "nauc_recall_at_5_std": 0.111228,
        "nauc_recall_at_5_diff1": -0.212217,
        "nauc_recall_at_10_max": 0.434441,
        "nauc_recall_at_10_std": 0.334644,
        "nauc_recall_at_10_diff1": 0.347563,
        "nauc_recall_at_20_max": 0.343539,
        "nauc_recall_at_20_std": 0.448913,
        "nauc_recall_at_20_diff1": 0.06257,
        "nauc_recall_at_100_max": NaN,
        "nauc_recall_at_100_std": NaN,
        "nauc_recall_at_100_diff1": NaN,
        "nauc_recall_at_1000_max": NaN,
        "nauc_recall_at_1000_std": NaN,
        "nauc_recall_at_1000_diff1": NaN,
        "nauc_precision_at_1_max": 0.855859,
        "nauc_precision_at_1_std": -0.325047,
        "nauc_precision_at_1_diff1": 0.861111,
        "nauc_precision_at_3_max": 0.160132,
        "nauc_precision_at_3_std": 0.301077,
        "nauc_precision_at_3_diff1": -0.153608,
        "nauc_precision_at_5_max": -0.052991,
        "nauc_precision_at_5_std": 0.161122,
        "nauc_precision_at_5_diff1": -0.228243,
        "nauc_precision_at_10_max": 0.151574,
        "nauc_precision_at_10_std": 0.330939,
        "nauc_precision_at_10_diff1": 0.228449,
        "nauc_precision_at_20_max": -0.046978,
        "nauc_precision_at_20_std": 0.260673,
        "nauc_precision_at_20_diff1": -0.027074,
        "nauc_precision_at_100_max": -0.280602,
        "nauc_precision_at_100_std": 0.080807,
        "nauc_precision_at_100_diff1": -0.089204,
        "nauc_precision_at_1000_max": -0.280602,
        "nauc_precision_at_1000_std": 0.080807,
        "nauc_precision_at_1000_diff1": -0.089204,
        "nauc_mrr_at_1_max": 0.855859,
        "nauc_mrr_at_1_std": -0.325047,
        "nauc_mrr_at_1_diff1": 0.861111,
        "nauc_mrr_at_3_max": 0.875973,
        "nauc_mrr_at_3_std": -0.269935,
        "nauc_mrr_at_3_diff1": 0.87037,
        "nauc_mrr_at_5_max": 0.875973,
        "nauc_mrr_at_5_std": -0.269935,
        "nauc_mrr_at_5_diff1": 0.87037,
        "nauc_mrr_at_10_max": 0.875973,
        "nauc_mrr_at_10_std": -0.269935,
        "nauc_mrr_at_10_diff1": 0.87037,
        "nauc_mrr_at_20_max": 0.875973,
        "nauc_mrr_at_20_std": -0.269935,
        "nauc_mrr_at_20_diff1": 0.87037,
        "nauc_mrr_at_100_max": 0.875973,
        "nauc_mrr_at_100_std": -0.269935,
        "nauc_mrr_at_100_diff1": 0.87037,
        "nauc_mrr_at_1000_max": 0.875973,
        "nauc_mrr_at_1000_std": -0.269935,
        "nauc_mrr_at_1000_diff1": 0.87037,
        "main_score": 0.77086,
        "hf_subset": "default",
        "languages": [
          "eng-Latn"
        ]
      }
    ]
  },
  "evaluation_time": 1.0517871379852295,
  "kg_co2_emissions": null
}