{
  "dataset_revision": "c22ab2a51041ffd869aaddef7af8d8215647e41a",
  "task_name": "ArguAna",
  "mteb_version": "1.39.7",
  "scores": {
    "test": [
      {
        "ndcg_at_1": 0.44239,
        "ndcg_at_3": 0.61437,
        "ndcg_at_5": 0.65658,
        "ndcg_at_10": 0.68785,
        "ndcg_at_20": 0.69812,
        "ndcg_at_100": 0.70242,
        "ndcg_at_1000": 0.70252,
        "map_at_1": 0.44239,
        "map_at_3": 0.57183,
        "map_at_5": 0.59545,
        "map_at_10": 0.60875,
        "map_at_20": 0.61168,
        "map_at_100": 0.61235,
        "map_at_1000": 0.61235,
        "recall_at_1": 0.44239,
        "recall_at_3": 0.73755,
        "recall_at_5": 0.83926,
        "recall_at_10": 0.93385,
        "recall_at_20": 0.97368,
        "recall_at_100": 0.99573,
        "recall_at_1000": 0.99644,
        "precision_at_1": 0.44239,
        "precision_at_3": 0.24585,
        "precision_at_5": 0.16785,
        "precision_at_10": 0.09339,
        "precision_at_20": 0.04868,
        "precision_at_100": 0.00996,
        "precision_at_1000": 0.001,
        "mrr_at_1": 0.455192,
        "mrr_at_3": 0.577406,
        "mrr_at_5": 0.600273,
        "mrr_at_10": 0.613529,
        "mrr_at_20": 0.616487,
        "mrr_at_100": 0.617194,
        "mrr_at_1000": 0.617198,
        "nauc_ndcg_at_1_max": -0.123773,
        "nauc_ndcg_at_1_std": -0.19863,
        "nauc_ndcg_at_1_diff1": 0.197144,
        "nauc_ndcg_at_3_max": -0.075937,
        "nauc_ndcg_at_3_std": -0.193224,
        "nauc_ndcg_at_3_diff1": 0.164689,
        "nauc_ndcg_at_5_max": -0.064665,
        "nauc_ndcg_at_5_std": -0.192992,
        "nauc_ndcg_at_5_diff1": 0.169096,
        "nauc_ndcg_at_10_max": -0.073916,
        "nauc_ndcg_at_10_std": -0.188905,
        "nauc_ndcg_at_10_diff1": 0.165245,
        "nauc_ndcg_at_20_max": -0.075566,
        "nauc_ndcg_at_20_std": -0.193403,
        "nauc_ndcg_at_20_diff1": 0.172316,
        "nauc_ndcg_at_100_max": -0.082588,
        "nauc_ndcg_at_100_std": -0.191556,
        "nauc_ndcg_at_100_diff1": 0.172968,
        "nauc_ndcg_at_1000_max": -0.083016,
        "nauc_ndcg_at_1000_std": -0.191565,
        "nauc_ndcg_at_1000_diff1": 0.172596,
        "nauc_map_at_1_max": -0.123773,
        "nauc_map_at_1_std": -0.19863,
        "nauc_map_at_1_diff1": 0.197144,
        "nauc_map_at_3_max": -0.088782,
        "nauc_map_at_3_std": -0.196043,
        "nauc_map_at_3_diff1": 0.172052,
        "nauc_map_at_5_max": -0.084524,
        "nauc_map_at_5_std": -0.196574,
        "nauc_map_at_5_diff1": 0.174288,
        "nauc_map_at_10_max": -0.08831,
        "nauc_map_at_10_std": -0.195152,
        "nauc_map_at_10_diff1": 0.173317,
        "nauc_map_at_20_max": -0.088833,
        "nauc_map_at_20_std": -0.19617,
        "nauc_map_at_20_diff1": 0.174808,
        "nauc_map_at_100_max": -0.08956,
        "nauc_map_at_100_std": -0.195727,
        "nauc_map_at_100_diff1": 0.174994,
        "nauc_map_at_1000_max": -0.089574,
        "nauc_map_at_1000_std": -0.195728,
        "nauc_map_at_1000_diff1": 0.174981,
        "nauc_recall_at_1_max": -0.123773,
        "nauc_recall_at_1_std": -0.19863,
        "nauc_recall_at_1_diff1": 0.197144,
        "nauc_recall_at_3_max": -0.027427,
        "nauc_recall_at_3_std": -0.181795,
        "nauc_recall_at_3_diff1": 0.137653,
        "nauc_recall_at_5_max": 0.04683,
        "nauc_recall_at_5_std": -0.171305,
        "nauc_recall_at_5_diff1": 0.144511,
        "nauc_recall_at_10_max": 0.090694,
        "nauc_recall_at_10_std": -0.10444,
        "nauc_recall_at_10_diff1": 0.069573,
        "nauc_recall_at_20_max": 0.287713,
        "nauc_recall_at_20_std": -0.124497,
        "nauc_recall_at_20_diff1": 0.164121,
        "nauc_recall_at_100_max": 0.246789,
        "nauc_recall_at_100_std": 0.509063,
        "nauc_recall_at_100_diff1": 0.205893,
        "nauc_recall_at_1000_max": 0.122299,
        "nauc_recall_at_1000_std": 0.645176,
        "nauc_recall_at_1000_diff1": 0.047072,
        "nauc_precision_at_1_max": -0.123773,
        "nauc_precision_at_1_std": -0.19863,
        "nauc_precision_at_1_diff1": 0.197144,
        "nauc_precision_at_3_max": -0.027427,
        "nauc_precision_at_3_std": -0.181795,
        "nauc_precision_at_3_diff1": 0.137653,
        "nauc_precision_at_5_max": 0.04683,
        "nauc_precision_at_5_std": -0.171305,
        "nauc_precision_at_5_diff1": 0.144511,
        "nauc_precision_at_10_max": 0.090694,
        "nauc_precision_at_10_std": -0.10444,
        "nauc_precision_at_10_diff1": 0.069573,
        "nauc_precision_at_20_max": 0.287713,
        "nauc_precision_at_20_std": -0.124497,
        "nauc_precision_at_20_diff1": 0.164121,
        "nauc_precision_at_100_max": 0.246789,
        "nauc_precision_at_100_std": 0.509063,
        "nauc_precision_at_100_diff1": 0.205893,
        "nauc_precision_at_1000_max": 0.122299,
        "nauc_precision_at_1000_std": 0.645176,
        "nauc_precision_at_1000_diff1": 0.047072,
        "nauc_mrr_at_1_max": -0.133968,
        "nauc_mrr_at_1_std": -0.201511,
        "nauc_mrr_at_1_diff1": 0.162039,
        "nauc_mrr_at_3_max": -0.105955,
        "nauc_mrr_at_3_std": -0.198229,
        "nauc_mrr_at_3_diff1": 0.13697,
        "nauc_mrr_at_5_max": -0.104595,
        "nauc_mrr_at_5_std": -0.199538,
        "nauc_mrr_at_5_diff1": 0.137746,
        "nauc_mrr_at_10_max": -0.108407,
        "nauc_mrr_at_10_std": -0.197034,
        "nauc_mrr_at_10_diff1": 0.135689,
        "nauc_mrr_at_20_max": -0.10897,
        "nauc_mrr_at_20_std": -0.198148,
        "nauc_mrr_at_20_diff1": 0.136963,
        "nauc_mrr_at_100_max": -0.109547,
        "nauc_mrr_at_100_std": -0.197716,
        "nauc_mrr_at_100_diff1": 0.137289,
        "nauc_mrr_at_1000_max": -0.109561,
        "nauc_mrr_at_1000_std": -0.197717,
        "nauc_mrr_at_1000_diff1": 0.137276,
        "main_score": 0.68785,
        "hf_subset": "default",
        "languages": [
          "eng-Latn"
        ]
      }
    ]
  },
  "evaluation_time": 28.73561382293701,
  "kg_co2_emissions": null
}