{
  "dataset_revision": "f69691c650464e62546d7f2a4536f8f87c891e38",
  "task_name": "LegalBenchCorporateLobbying",
  "mteb_version": "1.39.7",
  "scores": {
    "test": [
      {
        "ndcg_at_1": 0.88529,
        "ndcg_at_3": 0.93718,
        "ndcg_at_5": 0.94085,
        "ndcg_at_10": 0.94386,
        "ndcg_at_20": 0.9446,
        "ndcg_at_100": 0.94567,
        "ndcg_at_1000": 0.94602,
        "map_at_1": 0.88529,
        "map_at_3": 0.92549,
        "map_at_5": 0.92755,
        "map_at_10": 0.92888,
        "map_at_20": 0.92908,
        "map_at_100": 0.92921,
        "map_at_1000": 0.92922,
        "recall_at_1": 0.88529,
        "recall_at_3": 0.97059,
        "recall_at_5": 0.97941,
        "recall_at_10": 0.98824,
        "recall_at_20": 0.99118,
        "recall_at_100": 0.99706,
        "recall_at_1000": 1.0,
        "precision_at_1": 0.88529,
        "precision_at_3": 0.32353,
        "precision_at_5": 0.19588,
        "precision_at_10": 0.09882,
        "precision_at_20": 0.04956,
        "precision_at_100": 0.00997,
        "precision_at_1000": 0.001,
        "mrr_at_1": 0.885294,
        "mrr_at_3": 0.92549,
        "mrr_at_5": 0.927549,
        "mrr_at_10": 0.92888,
        "mrr_at_20": 0.929076,
        "mrr_at_100": 0.929211,
        "mrr_at_1000": 0.92922,
        "nauc_ndcg_at_1_max": 0.445652,
        "nauc_ndcg_at_1_std": -0.043171,
        "nauc_ndcg_at_1_diff1": 0.899681,
        "nauc_ndcg_at_3_max": 0.585666,
        "nauc_ndcg_at_3_std": 0.067108,
        "nauc_ndcg_at_3_diff1": 0.880857,
        "nauc_ndcg_at_5_max": 0.562469,
        "nauc_ndcg_at_5_std": 0.04777,
        "nauc_ndcg_at_5_diff1": 0.88796,
        "nauc_ndcg_at_10_max": 0.541192,
        "nauc_ndcg_at_10_std": 0.036756,
        "nauc_ndcg_at_10_diff1": 0.891575,
        "nauc_ndcg_at_20_max": 0.535023,
        "nauc_ndcg_at_20_std": 0.023806,
        "nauc_ndcg_at_20_diff1": 0.891875,
        "nauc_ndcg_at_100_max": 0.533864,
        "nauc_ndcg_at_100_std": 0.029679,
        "nauc_ndcg_at_100_diff1": 0.891116,
        "nauc_ndcg_at_1000_max": 0.530771,
        "nauc_ndcg_at_1000_std": 0.023242,
        "nauc_ndcg_at_1000_diff1": 0.891261,
        "nauc_map_at_1_max": 0.445652,
        "nauc_map_at_1_std": -0.043171,
        "nauc_map_at_1_diff1": 0.899681,
        "nauc_map_at_3_max": 0.542759,
        "nauc_map_at_3_std": 0.030334,
        "nauc_map_at_3_diff1": 0.886895,
        "nauc_map_at_5_max": 0.530935,
        "nauc_map_at_5_std": 0.02091,
        "nauc_map_at_5_diff1": 0.890428,
        "nauc_map_at_10_max": 0.522953,
        "nauc_map_at_10_std": 0.017376,
        "nauc_map_at_10_diff1": 0.89171,
        "nauc_map_at_20_max": 0.521616,
        "nauc_map_at_20_std": 0.014622,
        "nauc_map_at_20_diff1": 0.891772,
        "nauc_map_at_100_max": 0.521303,
        "nauc_map_at_100_std": 0.014633,
        "nauc_map_at_100_diff1": 0.891724,
        "nauc_map_at_1000_max": 0.52124,
        "nauc_map_at_1000_std": 0.014503,
        "nauc_map_at_1000_diff1": 0.891727,
        "nauc_recall_at_1_max": 0.445652,
        "nauc_recall_at_1_std": -0.043171,
        "nauc_recall_at_1_diff1": 0.899681,
        "nauc_recall_at_3_max": 0.886134,
        "nauc_recall_at_3_std": 0.328338,
        "nauc_recall_at_3_diff1": 0.838235,
        "nauc_recall_at_5_max": 0.856009,
        "nauc_recall_at_5_std": 0.301187,
        "nauc_recall_at_5_diff1": 0.866947,
        "nauc_recall_at_10_max": 0.780696,
        "nauc_recall_at_10_std": 0.315009,
        "nauc_recall_at_10_diff1": 0.901961,
        "nauc_recall_at_20_max": 0.707594,
        "nauc_recall_at_20_std": 0.086679,
        "nauc_recall_at_20_diff1": 0.912854,
        "nauc_recall_at_100_max": 1.0,
        "nauc_recall_at_100_std": 1.0,
        "nauc_recall_at_100_diff1": 0.869281,
        "nauc_recall_at_1000_max": NaN,
        "nauc_recall_at_1000_std": NaN,
        "nauc_recall_at_1000_diff1": NaN,
        "nauc_precision_at_1_max": 0.445652,
        "nauc_precision_at_1_std": -0.043171,
        "nauc_precision_at_1_diff1": 0.899681,
        "nauc_precision_at_3_max": 0.886134,
        "nauc_precision_at_3_std": 0.328338,
        "nauc_precision_at_3_diff1": 0.838235,
        "nauc_precision_at_5_max": 0.856009,
        "nauc_precision_at_5_std": 0.301187,
        "nauc_precision_at_5_diff1": 0.866947,
        "nauc_precision_at_10_max": 0.780696,
        "nauc_precision_at_10_std": 0.315009,
        "nauc_precision_at_10_diff1": 0.901961,
        "nauc_precision_at_20_max": 0.707594,
        "nauc_precision_at_20_std": 0.086679,
        "nauc_precision_at_20_diff1": 0.912854,
        "nauc_precision_at_100_max": 1.0,
        "nauc_precision_at_100_std": 1.0,
        "nauc_precision_at_100_diff1": 0.869281,
        "nauc_precision_at_1000_max": 1.0,
        "nauc_precision_at_1000_std": 1.0,
        "nauc_precision_at_1000_diff1": 1.0,
        "nauc_mrr_at_1_max": 0.445652,
        "nauc_mrr_at_1_std": -0.043171,
        "nauc_mrr_at_1_diff1": 0.899681,
        "nauc_mrr_at_3_max": 0.542759,
        "nauc_mrr_at_3_std": 0.030334,
        "nauc_mrr_at_3_diff1": 0.886895,
        "nauc_mrr_at_5_max": 0.530935,
        "nauc_mrr_at_5_std": 0.02091,
        "nauc_mrr_at_5_diff1": 0.890428,
        "nauc_mrr_at_10_max": 0.522953,
        "nauc_mrr_at_10_std": 0.017376,
        "nauc_mrr_at_10_diff1": 0.89171,
        "nauc_mrr_at_20_max": 0.521616,
        "nauc_mrr_at_20_std": 0.014622,
        "nauc_mrr_at_20_diff1": 0.891772,
        "nauc_mrr_at_100_max": 0.521303,
        "nauc_mrr_at_100_std": 0.014633,
        "nauc_mrr_at_100_diff1": 0.891724,
        "nauc_mrr_at_1000_max": 0.52124,
        "nauc_mrr_at_1000_std": 0.014503,
        "nauc_mrr_at_1000_diff1": 0.891727,
        "main_score": 0.94386,
        "hf_subset": "default",
        "languages": [
          "eng-Latn"
        ]
      }
    ]
  },
  "evaluation_time": 1.9409222602844238,
  "kg_co2_emissions": null
}