{
  "dataset_revision": "f8c2fcf00f625baaa80f62ec5bd9e1fff3b8ae88",
  "task_name": "SCIDOCS",
  "mteb_version": "1.39.7",
  "scores": {
    "test": [
      {
        "ndcg_at_1": 0.285,
        "ndcg_at_3": 0.22714,
        "ndcg_at_5": 0.20201,
        "ndcg_at_10": 0.2441,
        "ndcg_at_20": 0.27825,
        "ndcg_at_100": 0.33729,
        "ndcg_at_1000": 0.39504,
        "map_at_1": 0.05803,
        "map_at_3": 0.10307,
        "map_at_5": 0.12546,
        "map_at_10": 0.14753,
        "map_at_20": 0.16127,
        "map_at_100": 0.17355,
        "map_at_1000": 0.17732,
        "recall_at_1": 0.05803,
        "recall_at_3": 0.12758,
        "recall_at_5": 0.18012,
        "recall_at_10": 0.2572,
        "recall_at_20": 0.3376,
        "recall_at_100": 0.53043,
        "recall_at_1000": 0.80978,
        "precision_at_1": 0.285,
        "precision_at_3": 0.20967,
        "precision_at_5": 0.1776,
        "precision_at_10": 0.1269,
        "precision_at_20": 0.08315,
        "precision_at_100": 0.02614,
        "precision_at_1000": 0.00399,
        "mrr_at_1": 0.285,
        "mrr_at_3": 0.3695,
        "mrr_at_5": 0.3937,
        "mrr_at_10": 0.408704,
        "mrr_at_20": 0.414645,
        "mrr_at_100": 0.418486,
        "mrr_at_1000": 0.418852,
        "nauc_ndcg_at_1_max": 0.163192,
        "nauc_ndcg_at_1_std": 0.030302,
        "nauc_ndcg_at_1_diff1": 0.203961,
        "nauc_ndcg_at_3_max": 0.195829,
        "nauc_ndcg_at_3_std": 0.070797,
        "nauc_ndcg_at_3_diff1": 0.152883,
        "nauc_ndcg_at_5_max": 0.211053,
        "nauc_ndcg_at_5_std": 0.091446,
        "nauc_ndcg_at_5_diff1": 0.145218,
        "nauc_ndcg_at_10_max": 0.224954,
        "nauc_ndcg_at_10_std": 0.118459,
        "nauc_ndcg_at_10_diff1": 0.140757,
        "nauc_ndcg_at_20_max": 0.238973,
        "nauc_ndcg_at_20_std": 0.146082,
        "nauc_ndcg_at_20_diff1": 0.138171,
        "nauc_ndcg_at_100_max": 0.248442,
        "nauc_ndcg_at_100_std": 0.19971,
        "nauc_ndcg_at_100_diff1": 0.130918,
        "nauc_ndcg_at_1000_max": 0.248166,
        "nauc_ndcg_at_1000_std": 0.194521,
        "nauc_ndcg_at_1000_diff1": 0.130816,
        "nauc_map_at_1_max": 0.156842,
        "nauc_map_at_1_std": 0.026677,
        "nauc_map_at_1_diff1": 0.200772,
        "nauc_map_at_3_max": 0.192324,
        "nauc_map_at_3_std": 0.045765,
        "nauc_map_at_3_diff1": 0.145925,
        "nauc_map_at_5_max": 0.204717,
        "nauc_map_at_5_std": 0.069975,
        "nauc_map_at_5_diff1": 0.138186,
        "nauc_map_at_10_max": 0.214456,
        "nauc_map_at_10_std": 0.092477,
        "nauc_map_at_10_diff1": 0.133229,
        "nauc_map_at_20_max": 0.22607,
        "nauc_map_at_20_std": 0.113619,
        "nauc_map_at_20_diff1": 0.131142,
        "nauc_map_at_100_max": 0.230633,
        "nauc_map_at_100_std": 0.132201,
        "nauc_map_at_100_diff1": 0.129702,
        "nauc_map_at_1000_max": 0.231086,
        "nauc_map_at_1000_std": 0.132771,
        "nauc_map_at_1000_diff1": 0.12972,
        "nauc_recall_at_1_max": 0.156842,
        "nauc_recall_at_1_std": 0.026677,
        "nauc_recall_at_1_diff1": 0.200772,
        "nauc_recall_at_3_max": 0.203332,
        "nauc_recall_at_3_std": 0.086215,
        "nauc_recall_at_3_diff1": 0.130443,
        "nauc_recall_at_5_max": 0.217014,
        "nauc_recall_at_5_std": 0.11672,
        "nauc_recall_at_5_diff1": 0.112901,
        "nauc_recall_at_10_max": 0.228251,
        "nauc_recall_at_10_std": 0.156504,
        "nauc_recall_at_10_diff1": 0.102484,
        "nauc_recall_at_20_max": 0.237957,
        "nauc_recall_at_20_std": 0.200818,
        "nauc_recall_at_20_diff1": 0.091144,
        "nauc_recall_at_100_max": 0.227446,
        "nauc_recall_at_100_std": 0.324539,
        "nauc_recall_at_100_diff1": 0.052081,
        "nauc_recall_at_1000_max": 0.205533,
        "nauc_recall_at_1000_std": 0.361191,
        "nauc_recall_at_1000_diff1": 0.005978,
        "nauc_precision_at_1_max": 0.163192,
        "nauc_precision_at_1_std": 0.030302,
        "nauc_precision_at_1_diff1": 0.203961,
        "nauc_precision_at_3_max": 0.208574,
        "nauc_precision_at_3_std": 0.0892,
        "nauc_precision_at_3_diff1": 0.131552,
        "nauc_precision_at_5_max": 0.221179,
        "nauc_precision_at_5_std": 0.117474,
        "nauc_precision_at_5_diff1": 0.111873,
        "nauc_precision_at_10_max": 0.233997,
        "nauc_precision_at_10_std": 0.158424,
        "nauc_precision_at_10_diff1": 0.1013,
        "nauc_precision_at_20_max": 0.243543,
        "nauc_precision_at_20_std": 0.19974,
        "nauc_precision_at_20_diff1": 0.090075,
        "nauc_precision_at_100_max": 0.234257,
        "nauc_precision_at_100_std": 0.320239,
        "nauc_precision_at_100_diff1": 0.049768,
        "nauc_precision_at_1000_max": 0.216359,
        "nauc_precision_at_1000_std": 0.339073,
        "nauc_precision_at_1000_diff1": 0.003497,
        "nauc_mrr_at_1_max": 0.163192,
        "nauc_mrr_at_1_std": 0.030302,
        "nauc_mrr_at_1_diff1": 0.203961,
        "nauc_mrr_at_3_max": 0.18357,
        "nauc_mrr_at_3_std": 0.082677,
        "nauc_mrr_at_3_diff1": 0.181531,
        "nauc_mrr_at_5_max": 0.190035,
        "nauc_mrr_at_5_std": 0.081118,
        "nauc_mrr_at_5_diff1": 0.181258,
        "nauc_mrr_at_10_max": 0.194688,
        "nauc_mrr_at_10_std": 0.086983,
        "nauc_mrr_at_10_diff1": 0.183997,
        "nauc_mrr_at_20_max": 0.194209,
        "nauc_mrr_at_20_std": 0.086073,
        "nauc_mrr_at_20_diff1": 0.184626,
        "nauc_mrr_at_100_max": 0.1946,
        "nauc_mrr_at_100_std": 0.086456,
        "nauc_mrr_at_100_diff1": 0.185334,
        "nauc_mrr_at_1000_max": 0.194282,
        "nauc_mrr_at_1000_std": 0.086089,
        "nauc_mrr_at_1000_diff1": 0.185106,
        "main_score": 0.2441,
        "hf_subset": "default",
        "languages": [
          "eng-Latn"
        ]
      }
    ]
  },
  "evaluation_time": 63.79530334472656,
  "kg_co2_emissions": null
}