{
  "dataset_revision": "9ab3ca3ccdd0d43f9cd6d346a363935d127f4f45",
  "task_name": "SpartQA",
  "mteb_version": "1.39.7",
  "scores": {
    "test": [
      {
        "ndcg_at_1": 0.02615,
        "ndcg_at_3": 0.05645,
        "ndcg_at_5": 0.07836,
        "ndcg_at_10": 0.1046,
        "ndcg_at_20": 0.12169,
        "ndcg_at_100": 0.13249,
        "ndcg_at_1000": 0.16967,
        "map_at_1": 0.01799,
        "map_at_3": 0.04378,
        "map_at_5": 0.05542,
        "map_at_10": 0.06614,
        "map_at_20": 0.07088,
        "map_at_100": 0.07249,
        "map_at_1000": 0.07315,
        "recall_at_1": 0.01799,
        "recall_at_3": 0.0754,
        "recall_at_5": 0.12447,
        "recall_at_10": 0.19774,
        "recall_at_20": 0.257,
        "recall_at_100": 0.30625,
        "recall_at_1000": 0.59729,
        "precision_at_1": 0.02615,
        "precision_at_3": 0.03664,
        "precision_at_5": 0.03584,
        "precision_at_10": 0.02899,
        "precision_at_20": 0.01932,
        "precision_at_100": 0.00469,
        "precision_at_1000": 0.001,
        "mrr_at_1": 0.025598,
        "mrr_at_3": 0.061955,
        "mrr_at_5": 0.076326,
        "mrr_at_10": 0.088739,
        "mrr_at_20": 0.094146,
        "mrr_at_100": 0.096077,
        "mrr_at_1000": 0.096853,
        "nauc_ndcg_at_1_max": -0.04473,
        "nauc_ndcg_at_1_std": -0.068735,
        "nauc_ndcg_at_1_diff1": -0.164742,
        "nauc_ndcg_at_3_max": -0.012654,
        "nauc_ndcg_at_3_std": -0.039045,
        "nauc_ndcg_at_3_diff1": -0.082522,
        "nauc_ndcg_at_5_max": 0.005335,
        "nauc_ndcg_at_5_std": -0.05836,
        "nauc_ndcg_at_5_diff1": -0.055839,
        "nauc_ndcg_at_10_max": -0.004878,
        "nauc_ndcg_at_10_std": -0.079897,
        "nauc_ndcg_at_10_diff1": -0.059495,
        "nauc_ndcg_at_20_max": -0.01543,
        "nauc_ndcg_at_20_std": -0.114447,
        "nauc_ndcg_at_20_diff1": -0.060632,
        "nauc_ndcg_at_100_max": -0.01217,
        "nauc_ndcg_at_100_std": -0.13207,
        "nauc_ndcg_at_100_diff1": -0.060295,
        "nauc_ndcg_at_1000_max": 0.004652,
        "nauc_ndcg_at_1000_std": -0.065845,
        "nauc_ndcg_at_1000_diff1": -0.056235,
        "nauc_map_at_1_max": -0.022446,
        "nauc_map_at_1_std": -0.055878,
        "nauc_map_at_1_diff1": -0.131397,
        "nauc_map_at_3_max": -0.011404,
        "nauc_map_at_3_std": -0.037676,
        "nauc_map_at_3_diff1": -0.088412,
        "nauc_map_at_5_max": 0.000608,
        "nauc_map_at_5_std": -0.051582,
        "nauc_map_at_5_diff1": -0.068261,
        "nauc_map_at_10_max": -0.004462,
        "nauc_map_at_10_std": -0.064558,
        "nauc_map_at_10_diff1": -0.069648,
        "nauc_map_at_20_max": -0.010166,
        "nauc_map_at_20_std": -0.078497,
        "nauc_map_at_20_diff1": -0.070005,
        "nauc_map_at_100_max": -0.009543,
        "nauc_map_at_100_std": -0.082839,
        "nauc_map_at_100_diff1": -0.070232,
        "nauc_map_at_1000_max": -0.008861,
        "nauc_map_at_1000_std": -0.080752,
        "nauc_map_at_1000_diff1": -0.07009,
        "nauc_recall_at_1_max": -0.022446,
        "nauc_recall_at_1_std": -0.055878,
        "nauc_recall_at_1_diff1": -0.131397,
        "nauc_recall_at_3_max": -0.009539,
        "nauc_recall_at_3_std": -0.035027,
        "nauc_recall_at_3_diff1": -0.066925,
        "nauc_recall_at_5_max": 0.018619,
        "nauc_recall_at_5_std": -0.061242,
        "nauc_recall_at_5_diff1": -0.026952,
        "nauc_recall_at_10_max": -0.001764,
        "nauc_recall_at_10_std": -0.092997,
        "nauc_recall_at_10_diff1": -0.041262,
        "nauc_recall_at_20_max": -0.019189,
        "nauc_recall_at_20_std": -0.148424,
        "nauc_recall_at_20_diff1": -0.042953,
        "nauc_recall_at_100_max": -0.011823,
        "nauc_recall_at_100_std": -0.180666,
        "nauc_recall_at_100_diff1": -0.041801,
        "nauc_recall_at_1000_max": 0.055399,
        "nauc_recall_at_1000_std": 0.095545,
        "nauc_recall_at_1000_diff1": -0.021219,
        "nauc_precision_at_1_max": -0.04473,
        "nauc_precision_at_1_std": -0.068735,
        "nauc_precision_at_1_diff1": -0.164742,
        "nauc_precision_at_3_max": -0.017924,
        "nauc_precision_at_3_std": -0.045896,
        "nauc_precision_at_3_diff1": -0.071601,
        "nauc_precision_at_5_max": 0.003687,
        "nauc_precision_at_5_std": -0.071798,
        "nauc_precision_at_5_diff1": -0.044133,
        "nauc_precision_at_10_max": -0.014733,
        "nauc_precision_at_10_std": -0.106492,
        "nauc_precision_at_10_diff1": -0.047092,
        "nauc_precision_at_20_max": -0.036808,
        "nauc_precision_at_20_std": -0.171782,
        "nauc_precision_at_20_diff1": -0.049835,
        "nauc_precision_at_100_max": -0.029778,
        "nauc_precision_at_100_std": -0.208953,
        "nauc_precision_at_100_diff1": -0.045304,
        "nauc_precision_at_1000_max": 0.031941,
        "nauc_precision_at_1000_std": 0.102242,
        "nauc_precision_at_1000_diff1": 0.006506,
        "nauc_mrr_at_1_max": -0.028194,
        "nauc_mrr_at_1_std": -0.056335,
        "nauc_mrr_at_1_diff1": -0.155833,
        "nauc_mrr_at_3_max": -0.018671,
        "nauc_mrr_at_3_std": -0.048311,
        "nauc_mrr_at_3_diff1": -0.094632,
        "nauc_mrr_at_5_max": -0.005782,
        "nauc_mrr_at_5_std": -0.061244,
        "nauc_mrr_at_5_diff1": -0.078737,
        "nauc_mrr_at_10_max": -0.009796,
        "nauc_mrr_at_10_std": -0.069593,
        "nauc_mrr_at_10_diff1": -0.078285,
        "nauc_mrr_at_20_max": -0.010775,
        "nauc_mrr_at_20_std": -0.08462,
        "nauc_mrr_at_20_diff1": -0.077862,
        "nauc_mrr_at_100_max": -0.008971,
        "nauc_mrr_at_100_std": -0.088797,
        "nauc_mrr_at_100_diff1": -0.077485,
        "nauc_mrr_at_1000_max": -0.008478,
        "nauc_mrr_at_1000_std": -0.087031,
        "nauc_mrr_at_1000_diff1": -0.077371,
        "main_score": 0.1046,
        "hf_subset": "default",
        "languages": [
          "eng-Latn"
        ]
      }
    ]
  },
  "evaluation_time": 20.32989501953125,
  "kg_co2_emissions": null
}