{
  "dataset_revision": "db8f169f3894c14a00251061f957b2063eef2bd5",
  "task_name": "StackOverflowQA",
  "mteb_version": "1.39.7",
  "scores": {
    "test": [
      {
        "ndcg_at_1": 0.83651,
        "ndcg_at_3": 0.88419,
        "ndcg_at_5": 0.89103,
        "ndcg_at_10": 0.89655,
        "ndcg_at_20": 0.9004,
        "ndcg_at_100": 0.90418,
        "ndcg_at_1000": 0.90593,
        "map_at_1": 0.83651,
        "map_at_3": 0.87304,
        "map_at_5": 0.87685,
        "map_at_10": 0.87913,
        "map_at_20": 0.8802,
        "map_at_100": 0.88071,
        "map_at_1000": 0.88078,
        "recall_at_1": 0.83651,
        "recall_at_3": 0.91625,
        "recall_at_5": 0.9328,
        "recall_at_10": 0.94985,
        "recall_at_20": 0.96489,
        "recall_at_100": 0.98546,
        "recall_at_1000": 0.999,
        "precision_at_1": 0.83651,
        "precision_at_3": 0.30542,
        "precision_at_5": 0.18656,
        "precision_at_10": 0.09498,
        "precision_at_20": 0.04824,
        "precision_at_100": 0.00985,
        "precision_at_1000": 0.001,
        "mrr_at_1": 0.83651,
        "mrr_at_3": 0.872785,
        "mrr_at_5": 0.876596,
        "mrr_at_10": 0.87883,
        "mrr_at_20": 0.879973,
        "mrr_at_100": 0.880466,
        "mrr_at_1000": 0.880534,
        "nauc_ndcg_at_1_max": 0.811995,
        "nauc_ndcg_at_1_std": 0.027365,
        "nauc_ndcg_at_1_diff1": 0.909597,
        "nauc_ndcg_at_3_max": 0.819352,
        "nauc_ndcg_at_3_std": 0.048511,
        "nauc_ndcg_at_3_diff1": 0.889747,
        "nauc_ndcg_at_5_max": 0.82111,
        "nauc_ndcg_at_5_std": 0.054032,
        "nauc_ndcg_at_5_diff1": 0.890692,
        "nauc_ndcg_at_10_max": 0.821627,
        "nauc_ndcg_at_10_std": 0.064019,
        "nauc_ndcg_at_10_diff1": 0.892147,
        "nauc_ndcg_at_20_max": 0.823982,
        "nauc_ndcg_at_20_std": 0.062779,
        "nauc_ndcg_at_20_diff1": 0.893274,
        "nauc_ndcg_at_100_max": 0.822771,
        "nauc_ndcg_at_100_std": 0.064033,
        "nauc_ndcg_at_100_diff1": 0.894061,
        "nauc_ndcg_at_1000_max": 0.8209,
        "nauc_ndcg_at_1000_std": 0.05486,
        "nauc_ndcg_at_1000_diff1": 0.894847,
        "nauc_map_at_1_max": 0.811995,
        "nauc_map_at_1_std": 0.027365,
        "nauc_map_at_1_diff1": 0.909597,
        "nauc_map_at_3_max": 0.817367,
        "nauc_map_at_3_std": 0.043405,
        "nauc_map_at_3_diff1": 0.895037,
        "nauc_map_at_5_max": 0.818099,
        "nauc_map_at_5_std": 0.045801,
        "nauc_map_at_5_diff1": 0.895714,
        "nauc_map_at_10_max": 0.818198,
        "nauc_map_at_10_std": 0.049313,
        "nauc_map_at_10_diff1": 0.896258,
        "nauc_map_at_20_max": 0.818709,
        "nauc_map_at_20_std": 0.048808,
        "nauc_map_at_20_diff1": 0.8966,
        "nauc_map_at_100_max": 0.818551,
        "nauc_map_at_100_std": 0.04893,
        "nauc_map_at_100_diff1": 0.896722,
        "nauc_map_at_1000_max": 0.818487,
        "nauc_map_at_1000_std": 0.048612,
        "nauc_map_at_1000_diff1": 0.89674,
        "nauc_recall_at_1_max": 0.811995,
        "nauc_recall_at_1_std": 0.027365,
        "nauc_recall_at_1_diff1": 0.909597,
        "nauc_recall_at_3_max": 0.827592,
        "nauc_recall_at_3_std": 0.069285,
        "nauc_recall_at_3_diff1": 0.867842,
        "nauc_recall_at_5_max": 0.836871,
        "nauc_recall_at_5_std": 0.096744,
        "nauc_recall_at_5_diff1": 0.865761,
        "nauc_recall_at_10_max": 0.845734,
        "nauc_recall_at_10_std": 0.171413,
        "nauc_recall_at_10_diff1": 0.867149,
        "nauc_recall_at_20_max": 0.88151,
        "nauc_recall_at_20_std": 0.205684,
        "nauc_recall_at_20_diff1": 0.867625,
        "nauc_recall_at_100_max": 0.920178,
        "nauc_recall_at_100_std": 0.447515,
        "nauc_recall_at_100_diff1": 0.855608,
        "nauc_recall_at_1000_max": 0.934655,
        "nauc_recall_at_1000_std": -0.661333,
        "nauc_recall_at_1000_diff1": 0.934655,
        "nauc_precision_at_1_max": 0.811995,
        "nauc_precision_at_1_std": 0.027365,
        "nauc_precision_at_1_diff1": 0.909597,
        "nauc_precision_at_3_max": 0.827592,
        "nauc_precision_at_3_std": 0.069285,
        "nauc_precision_at_3_diff1": 0.867842,
        "nauc_precision_at_5_max": 0.836871,
        "nauc_precision_at_5_std": 0.096744,
        "nauc_precision_at_5_diff1": 0.865761,
        "nauc_precision_at_10_max": 0.845734,
        "nauc_precision_at_10_std": 0.171413,
        "nauc_precision_at_10_diff1": 0.867149,
        "nauc_precision_at_20_max": 0.88151,
        "nauc_precision_at_20_std": 0.205684,
        "nauc_precision_at_20_diff1": 0.867625,
        "nauc_precision_at_100_max": 0.920178,
        "nauc_precision_at_100_std": 0.447515,
        "nauc_precision_at_100_diff1": 0.855608,
        "nauc_precision_at_1000_max": 0.934655,
        "nauc_precision_at_1000_std": -0.661333,
        "nauc_precision_at_1000_diff1": 0.934655,
        "nauc_mrr_at_1_max": 0.811995,
        "nauc_mrr_at_1_std": 0.032244,
        "nauc_mrr_at_1_diff1": 0.909597,
        "nauc_mrr_at_3_max": 0.817432,
        "nauc_mrr_at_3_std": 0.046199,
        "nauc_mrr_at_3_diff1": 0.895401,
        "nauc_mrr_at_5_max": 0.818165,
        "nauc_mrr_at_5_std": 0.048679,
        "nauc_mrr_at_5_diff1": 0.896088,
        "nauc_mrr_at_10_max": 0.818216,
        "nauc_mrr_at_10_std": 0.051898,
        "nauc_mrr_at_10_diff1": 0.896615,
        "nauc_mrr_at_20_max": 0.818795,
        "nauc_mrr_at_20_std": 0.051897,
        "nauc_mrr_at_20_diff1": 0.897091,
        "nauc_mrr_at_100_max": 0.818615,
        "nauc_mrr_at_100_std": 0.051771,
        "nauc_mrr_at_100_diff1": 0.897102,
        "nauc_mrr_at_1000_max": 0.818551,
        "nauc_mrr_at_1000_std": 0.051455,
        "nauc_mrr_at_1000_diff1": 0.897119,
        "main_score": 0.89655,
        "hf_subset": "default",
        "languages": [
          "eng-Latn"
        ]
      }
    ]
  },
  "evaluation_time": 94.02518796920776,
  "kg_co2_emissions": null
}