{
  "dataset_revision": "9097e99aa8c9d827189c65f2e11bfe756af439f6",
  "task_name": "TempReasonL1",
  "mteb_version": "1.39.7",
  "scores": {
    "test": [
      {
        "ndcg_at_1": 0.0015,
        "ndcg_at_3": 0.0042,
        "ndcg_at_5": 0.00675,
        "ndcg_at_10": 0.01044,
        "ndcg_at_20": 0.01612,
        "ndcg_at_100": 0.03121,
        "ndcg_at_1000": 0.07691,
        "map_at_1": 0.0015,
        "map_at_3": 0.0035,
        "map_at_5": 0.0049,
        "map_at_10": 0.0064,
        "map_at_20": 0.00793,
        "map_at_100": 0.00979,
        "map_at_1000": 0.01104,
        "recall_at_1": 0.0015,
        "recall_at_3": 0.00625,
        "recall_at_5": 0.0125,
        "recall_at_10": 0.024,
        "recall_at_20": 0.04675,
        "recall_at_100": 0.1315,
        "recall_at_1000": 0.519,
        "precision_at_1": 0.0015,
        "precision_at_3": 0.00208,
        "precision_at_5": 0.0025,
        "precision_at_10": 0.0024,
        "precision_at_20": 0.00234,
        "precision_at_100": 0.00131,
        "precision_at_1000": 0.00052,
        "mrr_at_1": 0.0015,
        "mrr_at_3": 0.0035,
        "mrr_at_5": 0.004888,
        "mrr_at_10": 0.006401,
        "mrr_at_20": 0.007916,
        "mrr_at_100": 0.009802,
        "mrr_at_1000": 0.011053,
        "nauc_ndcg_at_1_max": -0.204767,
        "nauc_ndcg_at_1_std": -0.250783,
        "nauc_ndcg_at_1_diff1": -0.361909,
        "nauc_ndcg_at_3_max": -0.011155,
        "nauc_ndcg_at_3_std": -0.075526,
        "nauc_ndcg_at_3_diff1": 0.090829,
        "nauc_ndcg_at_5_max": 0.108905,
        "nauc_ndcg_at_5_std": 0.011593,
        "nauc_ndcg_at_5_diff1": 0.060623,
        "nauc_ndcg_at_10_max": 0.109611,
        "nauc_ndcg_at_10_std": 0.000605,
        "nauc_ndcg_at_10_diff1": 0.060263,
        "nauc_ndcg_at_20_max": 0.111264,
        "nauc_ndcg_at_20_std": 0.011394,
        "nauc_ndcg_at_20_diff1": 0.06618,
        "nauc_ndcg_at_100_max": 0.097516,
        "nauc_ndcg_at_100_std": 0.014638,
        "nauc_ndcg_at_100_diff1": 0.029675,
        "nauc_ndcg_at_1000_max": 0.117028,
        "nauc_ndcg_at_1000_std": 0.03103,
        "nauc_ndcg_at_1000_diff1": 0.05119,
        "nauc_map_at_1_max": -0.204767,
        "nauc_map_at_1_std": -0.250783,
        "nauc_map_at_1_diff1": -0.361909,
        "nauc_map_at_3_max": -0.040062,
        "nauc_map_at_3_std": -0.092319,
        "nauc_map_at_3_diff1": 0.03657,
        "nauc_map_at_5_max": 0.059229,
        "nauc_map_at_5_std": -0.02372,
        "nauc_map_at_5_diff1": 0.031235,
        "nauc_map_at_10_max": 0.067896,
        "nauc_map_at_10_std": -0.022412,
        "nauc_map_at_10_diff1": 0.039104,
        "nauc_map_at_20_max": 0.07762,
        "nauc_map_at_20_std": -0.011164,
        "nauc_map_at_20_diff1": 0.045335,
        "nauc_map_at_100_max": 0.076994,
        "nauc_map_at_100_std": -0.007291,
        "nauc_map_at_100_diff1": 0.035919,
        "nauc_map_at_1000_max": 0.081574,
        "nauc_map_at_1000_std": -0.005176,
        "nauc_map_at_1000_diff1": 0.037054,
        "nauc_recall_at_1_max": -0.204767,
        "nauc_recall_at_1_std": -0.250783,
        "nauc_recall_at_1_diff1": -0.361909,
        "nauc_recall_at_3_max": 0.037617,
        "nauc_recall_at_3_std": -0.048693,
        "nauc_recall_at_3_diff1": 0.180241,
        "nauc_recall_at_5_max": 0.171918,
        "nauc_recall_at_5_std": 0.0567,
        "nauc_recall_at_5_diff1": 0.092257,
        "nauc_recall_at_10_max": 0.147535,
        "nauc_recall_at_10_std": 0.019696,
        "nauc_recall_at_10_diff1": 0.074921,
        "nauc_recall_at_20_max": 0.130228,
        "nauc_recall_at_20_std": 0.024141,
        "nauc_recall_at_20_diff1": 0.07732,
        "nauc_recall_at_100_max": 0.101938,
        "nauc_recall_at_100_std": 0.022559,
        "nauc_recall_at_100_diff1": 0.019748,
        "nauc_recall_at_1000_max": 0.12812,
        "nauc_recall_at_1000_std": 0.048752,
        "nauc_recall_at_1000_diff1": 0.062931,
        "nauc_precision_at_1_max": -0.204767,
        "nauc_precision_at_1_std": -0.250783,
        "nauc_precision_at_1_diff1": -0.361909,
        "nauc_precision_at_3_max": 0.037617,
        "nauc_precision_at_3_std": -0.048693,
        "nauc_precision_at_3_diff1": 0.180241,
        "nauc_precision_at_5_max": 0.171918,
        "nauc_precision_at_5_std": 0.0567,
        "nauc_precision_at_5_diff1": 0.092257,
        "nauc_precision_at_10_max": 0.147535,
        "nauc_precision_at_10_std": 0.019696,
        "nauc_precision_at_10_diff1": 0.074921,
        "nauc_precision_at_20_max": 0.130228,
        "nauc_precision_at_20_std": 0.024141,
        "nauc_precision_at_20_diff1": 0.07732,
        "nauc_precision_at_100_max": 0.101938,
        "nauc_precision_at_100_std": 0.022559,
        "nauc_precision_at_100_diff1": 0.019748,
        "nauc_precision_at_1000_max": 0.12812,
        "nauc_precision_at_1000_std": 0.048752,
        "nauc_precision_at_1000_diff1": 0.062931,
        "nauc_mrr_at_1_max": -0.204767,
        "nauc_mrr_at_1_std": -0.250783,
        "nauc_mrr_at_1_diff1": -0.361909,
        "nauc_mrr_at_3_max": -0.02534,
        "nauc_mrr_at_3_std": -0.084672,
        "nauc_mrr_at_3_diff1": 0.047303,
        "nauc_mrr_at_5_max": 0.071393,
        "nauc_mrr_at_5_std": -0.016835,
        "nauc_mrr_at_5_diff1": 0.040279,
        "nauc_mrr_at_10_max": 0.077296,
        "nauc_mrr_at_10_std": -0.017052,
        "nauc_mrr_at_10_diff1": 0.046786,
        "nauc_mrr_at_20_max": 0.085055,
        "nauc_mrr_at_20_std": -0.007115,
        "nauc_mrr_at_20_diff1": 0.052306,
        "nauc_mrr_at_100_max": 0.082792,
        "nauc_mrr_at_100_std": -0.003986,
        "nauc_mrr_at_100_diff1": 0.040532,
        "nauc_mrr_at_1000_max": 0.087582,
        "nauc_mrr_at_1000_std": -0.001635,
        "nauc_mrr_at_1000_diff1": 0.041829,
        "main_score": 0.01044,
        "hf_subset": "default",
        "languages": [
          "eng-Latn"
        ]
      }
    ]
  },
  "evaluation_time": 67.61709952354431,
  "kg_co2_emissions": null
}