{
  "dataset_revision": "bb9466bac8153a0349341eb1b22e06409e78ef4e",
  "task_name": "TRECCOVID",
  "mteb_version": "1.39.7",
  "scores": {
    "test": [
      {
        "ndcg_at_1": 0.91,
        "ndcg_at_3": 0.91296,
        "ndcg_at_5": 0.90922,
        "ndcg_at_10": 0.89011,
        "ndcg_at_20": 0.85951,
        "ndcg_at_100": 0.73619,
        "ndcg_at_1000": 0.64105,
        "map_at_1": 0.00243,
        "map_at_3": 0.00736,
        "map_at_5": 0.01205,
        "map_at_10": 0.02295,
        "map_at_20": 0.04285,
        "map_at_100": 0.15788,
        "map_at_1000": 0.39189,
        "recall_at_1": 0.00243,
        "recall_at_3": 0.00755,
        "recall_at_5": 0.01247,
        "recall_at_10": 0.02409,
        "recall_at_20": 0.04599,
        "recall_at_100": 0.18375,
        "recall_at_1000": 0.59143,
        "precision_at_1": 0.92,
        "precision_at_3": 0.94,
        "precision_at_5": 0.936,
        "precision_at_10": 0.914,
        "precision_at_20": 0.884,
        "precision_at_100": 0.7508,
        "precision_at_1000": 0.2803,
        "mrr_at_1": 0.94,
        "mrr_at_3": 0.966667,
        "mrr_at_5": 0.966667,
        "mrr_at_10": 0.966667,
        "mrr_at_20": 0.966667,
        "mrr_at_100": 0.966667,
        "mrr_at_1000": 0.966667,
        "nauc_ndcg_at_1_max": 0.388785,
        "nauc_ndcg_at_1_std": 0.42437,
        "nauc_ndcg_at_1_diff1": -0.041757,
        "nauc_ndcg_at_3_max": 0.523809,
        "nauc_ndcg_at_3_std": 0.653786,
        "nauc_ndcg_at_3_diff1": -0.325156,
        "nauc_ndcg_at_5_max": 0.564802,
        "nauc_ndcg_at_5_std": 0.693735,
        "nauc_ndcg_at_5_diff1": -0.277954,
        "nauc_ndcg_at_10_max": 0.578306,
        "nauc_ndcg_at_10_std": 0.727559,
        "nauc_ndcg_at_10_diff1": -0.196117,
        "nauc_ndcg_at_20_max": 0.539596,
        "nauc_ndcg_at_20_std": 0.752414,
        "nauc_ndcg_at_20_diff1": -0.255337,
        "nauc_ndcg_at_100_max": 0.439264,
        "nauc_ndcg_at_100_std": 0.740188,
        "nauc_ndcg_at_100_diff1": -0.332701,
        "nauc_ndcg_at_1000_max": 0.505294,
        "nauc_ndcg_at_1000_std": 0.753844,
        "nauc_ndcg_at_1000_diff1": -0.217745,
        "nauc_map_at_1_max": 0.051609,
        "nauc_map_at_1_std": 0.132001,
        "nauc_map_at_1_diff1": 0.109701,
        "nauc_map_at_3_max": 0.052632,
        "nauc_map_at_3_std": 0.127308,
        "nauc_map_at_3_diff1": 0.050902,
        "nauc_map_at_5_max": 0.08142,
        "nauc_map_at_5_std": 0.155153,
        "nauc_map_at_5_diff1": 0.079215,
        "nauc_map_at_10_max": 0.123764,
        "nauc_map_at_10_std": 0.21213,
        "nauc_map_at_10_diff1": 0.09504,
        "nauc_map_at_20_max": 0.177532,
        "nauc_map_at_20_std": 0.296317,
        "nauc_map_at_20_diff1": 0.077929,
        "nauc_map_at_100_max": 0.322572,
        "nauc_map_at_100_std": 0.659219,
        "nauc_map_at_100_diff1": -0.049774,
        "nauc_map_at_1000_max": 0.469241,
        "nauc_map_at_1000_std": 0.745694,
        "nauc_map_at_1000_diff1": -0.2131,
        "nauc_recall_at_1_max": 0.051609,
        "nauc_recall_at_1_std": 0.132001,
        "nauc_recall_at_1_diff1": 0.109701,
        "nauc_recall_at_3_max": 0.028563,
        "nauc_recall_at_3_std": 0.096383,
        "nauc_recall_at_3_diff1": 0.046649,
        "nauc_recall_at_5_max": 0.044667,
        "nauc_recall_at_5_std": 0.11465,
        "nauc_recall_at_5_diff1": 0.083101,
        "nauc_recall_at_10_max": 0.076912,
        "nauc_recall_at_10_std": 0.156969,
        "nauc_recall_at_10_diff1": 0.102036,
        "nauc_recall_at_20_max": 0.098504,
        "nauc_recall_at_20_std": 0.209531,
        "nauc_recall_at_20_diff1": 0.084356,
        "nauc_recall_at_100_max": 0.208051,
        "nauc_recall_at_100_std": 0.478969,
        "nauc_recall_at_100_diff1": 0.002732,
        "nauc_recall_at_1000_max": 0.440268,
        "nauc_recall_at_1000_std": 0.59351,
        "nauc_recall_at_1000_diff1": -0.140482,
        "nauc_precision_at_1_max": 0.392624,
        "nauc_precision_at_1_std": 0.462068,
        "nauc_precision_at_1_diff1": 0.170518,
        "nauc_precision_at_3_max": 0.614863,
        "nauc_precision_at_3_std": 0.683299,
        "nauc_precision_at_3_diff1": -0.307191,
        "nauc_precision_at_5_max": 0.616407,
        "nauc_precision_at_5_std": 0.76242,
        "nauc_precision_at_5_diff1": -0.135029,
        "nauc_precision_at_10_max": 0.610891,
        "nauc_precision_at_10_std": 0.755549,
        "nauc_precision_at_10_diff1": -0.033337,
        "nauc_precision_at_20_max": 0.540726,
        "nauc_precision_at_20_std": 0.740365,
        "nauc_precision_at_20_diff1": -0.194165,
        "nauc_precision_at_100_max": 0.421228,
        "nauc_precision_at_100_std": 0.705725,
        "nauc_precision_at_100_diff1": -0.295891,
        "nauc_precision_at_1000_max": 0.19602,
        "nauc_precision_at_1000_std": 0.157489,
        "nauc_precision_at_1000_diff1": -0.193728,
        "nauc_mrr_at_1_max": 0.907407,
        "nauc_mrr_at_1_std": 1.0,
        "nauc_mrr_at_1_diff1": -0.105976,
        "nauc_mrr_at_3_max": 0.916667,
        "nauc_mrr_at_3_std": 1.0,
        "nauc_mrr_at_3_diff1": -0.0831,
        "nauc_mrr_at_5_max": 0.916667,
        "nauc_mrr_at_5_std": 1.0,
        "nauc_mrr_at_5_diff1": -0.0831,
        "nauc_mrr_at_10_max": 0.916667,
        "nauc_mrr_at_10_std": 1.0,
        "nauc_mrr_at_10_diff1": -0.0831,
        "nauc_mrr_at_20_max": 0.916667,
        "nauc_mrr_at_20_std": 1.0,
        "nauc_mrr_at_20_diff1": -0.0831,
        "nauc_mrr_at_100_max": 0.916667,
        "nauc_mrr_at_100_std": 1.0,
        "nauc_mrr_at_100_diff1": -0.0831,
        "nauc_mrr_at_1000_max": 0.916667,
        "nauc_mrr_at_1000_std": 1.0,
        "nauc_mrr_at_1000_diff1": -0.0831,
        "main_score": 0.89011,
        "hf_subset": "default",
        "languages": [
          "eng-Latn"
        ]
      }
    ]
  },
  "evaluation_time": 276.47234582901,
  "kg_co2_emissions": null
}