{
  "dataset_revision": "099ee143c7fdfa6bd7965be8c801cb161c313b29",
  "task_name": "TwitterHjerneRetrieval",
  "mteb_version": "1.39.7",
  "scores": {
    "train": [
      {
        "ndcg_at_1": 0.62338,
        "ndcg_at_3": 0.49579,
        "ndcg_at_5": 0.49797,
        "ndcg_at_10": 0.55386,
        "ndcg_at_20": 0.59706,
        "ndcg_at_100": 0.6434,
        "ndcg_at_1000": 0.66477,
        "map_at_1": 0.19113,
        "map_at_3": 0.34668,
        "map_at_5": 0.39552,
        "map_at_10": 0.43573,
        "map_at_20": 0.45633,
        "map_at_100": 0.4678,
        "map_at_1000": 0.47033,
        "recall_at_1": 0.19113,
        "recall_at_3": 0.39048,
        "recall_at_5": 0.48312,
        "recall_at_10": 0.6039,
        "recall_at_20": 0.71905,
        "recall_at_100": 0.89394,
        "recall_at_1000": 1.0,
        "precision_at_1": 0.62338,
        "precision_at_3": 0.41991,
        "precision_at_5": 0.31948,
        "precision_at_10": 0.20519,
        "precision_at_20": 0.12273,
        "precision_at_100": 0.03052,
        "precision_at_1000": 0.0034,
        "mrr_at_1": 0.623377,
        "mrr_at_3": 0.686147,
        "mrr_at_5": 0.697835,
        "mrr_at_10": 0.710585,
        "mrr_at_20": 0.712765,
        "mrr_at_100": 0.7142,
        "mrr_at_1000": 0.7142,
        "nauc_ndcg_at_1_max": 0.553713,
        "nauc_ndcg_at_1_std": 0.250245,
        "nauc_ndcg_at_1_diff1": 0.401414,
        "nauc_ndcg_at_3_max": 0.532871,
        "nauc_ndcg_at_3_std": 0.151434,
        "nauc_ndcg_at_3_diff1": 0.351071,
        "nauc_ndcg_at_5_max": 0.528853,
        "nauc_ndcg_at_5_std": 0.16883,
        "nauc_ndcg_at_5_diff1": 0.315922,
        "nauc_ndcg_at_10_max": 0.540942,
        "nauc_ndcg_at_10_std": 0.153139,
        "nauc_ndcg_at_10_diff1": 0.339652,
        "nauc_ndcg_at_20_max": 0.500973,
        "nauc_ndcg_at_20_std": 0.138358,
        "nauc_ndcg_at_20_diff1": 0.32573,
        "nauc_ndcg_at_100_max": 0.491814,
        "nauc_ndcg_at_100_std": 0.121958,
        "nauc_ndcg_at_100_diff1": 0.307371,
        "nauc_ndcg_at_1000_max": 0.514386,
        "nauc_ndcg_at_1000_std": 0.145992,
        "nauc_ndcg_at_1000_diff1": 0.330535,
        "nauc_map_at_1_max": 0.379568,
        "nauc_map_at_1_std": 0.088803,
        "nauc_map_at_1_diff1": 0.328567,
        "nauc_map_at_3_max": 0.529562,
        "nauc_map_at_3_std": 0.087151,
        "nauc_map_at_3_diff1": 0.377575,
        "nauc_map_at_5_max": 0.542928,
        "nauc_map_at_5_std": 0.125996,
        "nauc_map_at_5_diff1": 0.345405,
        "nauc_map_at_10_max": 0.554892,
        "nauc_map_at_10_std": 0.124904,
        "nauc_map_at_10_diff1": 0.367564,
        "nauc_map_at_20_max": 0.539983,
        "nauc_map_at_20_std": 0.12478,
        "nauc_map_at_20_diff1": 0.359448,
        "nauc_map_at_100_max": 0.53482,
        "nauc_map_at_100_std": 0.118552,
        "nauc_map_at_100_diff1": 0.351872,
        "nauc_map_at_1000_max": 0.536323,
        "nauc_map_at_1000_std": 0.119892,
        "nauc_map_at_1000_diff1": 0.353275,
        "nauc_recall_at_1_max": 0.379568,
        "nauc_recall_at_1_std": 0.088803,
        "nauc_recall_at_1_diff1": 0.328567,
        "nauc_recall_at_3_max": 0.453756,
        "nauc_recall_at_3_std": 0.060964,
        "nauc_recall_at_3_diff1": 0.306642,
        "nauc_recall_at_5_max": 0.451408,
        "nauc_recall_at_5_std": 0.120706,
        "nauc_recall_at_5_diff1": 0.251751,
        "nauc_recall_at_10_max": 0.447691,
        "nauc_recall_at_10_std": 0.082986,
        "nauc_recall_at_10_diff1": 0.251825,
        "nauc_recall_at_20_max": 0.313882,
        "nauc_recall_at_20_std": 0.021743,
        "nauc_recall_at_20_diff1": 0.1984,
        "nauc_recall_at_100_max": 0.103103,
        "nauc_recall_at_100_std": -0.185408,
        "nauc_recall_at_100_diff1": -0.054635,
        "nauc_recall_at_1000_max": NaN,
        "nauc_recall_at_1000_std": NaN,
        "nauc_recall_at_1000_diff1": NaN,
        "nauc_precision_at_1_max": 0.553713,
        "nauc_precision_at_1_std": 0.250245,
        "nauc_precision_at_1_diff1": 0.401414,
        "nauc_precision_at_3_max": 0.539785,
        "nauc_precision_at_3_std": 0.169587,
        "nauc_precision_at_3_diff1": 0.328624,
        "nauc_precision_at_5_max": 0.484678,
        "nauc_precision_at_5_std": 0.220442,
        "nauc_precision_at_5_diff1": 0.215994,
        "nauc_precision_at_10_max": 0.415853,
        "nauc_precision_at_10_std": 0.157241,
        "nauc_precision_at_10_diff1": 0.205586,
        "nauc_precision_at_20_max": 0.268556,
        "nauc_precision_at_20_std": 0.104011,
        "nauc_precision_at_20_diff1": 0.125041,
        "nauc_precision_at_100_max": 0.075386,
        "nauc_precision_at_100_std": 0.025456,
        "nauc_precision_at_100_diff1": -0.039013,
        "nauc_precision_at_1000_max": 0.017206,
        "nauc_precision_at_1000_std": 0.061741,
        "nauc_precision_at_1000_diff1": -0.052509,
        "nauc_mrr_at_1_max": 0.553713,
        "nauc_mrr_at_1_std": 0.250245,
        "nauc_mrr_at_1_diff1": 0.401414,
        "nauc_mrr_at_3_max": 0.545079,
        "nauc_mrr_at_3_std": 0.279849,
        "nauc_mrr_at_3_diff1": 0.363507,
        "nauc_mrr_at_5_max": 0.534291,
        "nauc_mrr_at_5_std": 0.275015,
        "nauc_mrr_at_5_diff1": 0.349115,
        "nauc_mrr_at_10_max": 0.52103,
        "nauc_mrr_at_10_std": 0.259742,
        "nauc_mrr_at_10_diff1": 0.341655,
        "nauc_mrr_at_20_max": 0.522419,
        "nauc_mrr_at_20_std": 0.260695,
        "nauc_mrr_at_20_diff1": 0.34821,
        "nauc_mrr_at_100_max": 0.524399,
        "nauc_mrr_at_100_std": 0.259103,
        "nauc_mrr_at_100_diff1": 0.351069,
        "nauc_mrr_at_1000_max": 0.524399,
        "nauc_mrr_at_1000_std": 0.259103,
        "nauc_mrr_at_1000_diff1": 0.351069,
        "main_score": 0.55386,
        "hf_subset": "default",
        "languages": [
          "dan-Latn"
        ]
      }
    ]
  },
  "evaluation_time": 0.853447437286377,
  "kg_co2_emissions": null
}