{
  "dataset_revision": "f74c094f321077cf909ddfb8bccc1b5912a4ac28",
  "task_name": "WinoGrande",
  "mteb_version": "1.39.7",
  "scores": {
    "test": [
      {
        "ndcg_at_1": 0.28098,
        "ndcg_at_3": 0.45333,
        "ndcg_at_5": 0.47908,
        "ndcg_at_10": 0.50696,
        "ndcg_at_20": 0.5248,
        "ndcg_at_100": 0.549,
        "ndcg_at_1000": 0.5583,
        "map_at_1": 0.28098,
        "map_at_3": 0.41305,
        "map_at_5": 0.42718,
        "map_at_10": 0.43857,
        "map_at_20": 0.44351,
        "map_at_100": 0.44697,
        "map_at_1000": 0.44732,
        "recall_at_1": 0.28098,
        "recall_at_3": 0.56906,
        "recall_at_5": 0.6322,
        "recall_at_10": 0.71902,
        "recall_at_20": 0.78927,
        "recall_at_100": 0.91792,
        "recall_at_1000": 0.99132,
        "precision_at_1": 0.28098,
        "precision_at_3": 0.18969,
        "precision_at_5": 0.12644,
        "precision_at_10": 0.0719,
        "precision_at_20": 0.03946,
        "precision_at_100": 0.00918,
        "precision_at_1000": 0.00099,
        "mrr_at_1": 0.280189,
        "mrr_at_3": 0.411997,
        "mrr_at_5": 0.426519,
        "mrr_at_10": 0.43788,
        "mrr_at_20": 0.44292,
        "mrr_at_100": 0.446346,
        "mrr_at_1000": 0.446695,
        "nauc_ndcg_at_1_max": -0.043372,
        "nauc_ndcg_at_1_std": -0.105962,
        "nauc_ndcg_at_1_diff1": 0.241125,
        "nauc_ndcg_at_3_max": -0.1002,
        "nauc_ndcg_at_3_std": -0.169066,
        "nauc_ndcg_at_3_diff1": 0.240824,
        "nauc_ndcg_at_5_max": -0.114192,
        "nauc_ndcg_at_5_std": -0.174554,
        "nauc_ndcg_at_5_diff1": 0.244091,
        "nauc_ndcg_at_10_max": -0.119399,
        "nauc_ndcg_at_10_std": -0.180282,
        "nauc_ndcg_at_10_diff1": 0.252335,
        "nauc_ndcg_at_20_max": -0.125785,
        "nauc_ndcg_at_20_std": -0.178869,
        "nauc_ndcg_at_20_diff1": 0.246251,
        "nauc_ndcg_at_100_max": -0.120615,
        "nauc_ndcg_at_100_std": -0.168824,
        "nauc_ndcg_at_100_diff1": 0.244812,
        "nauc_ndcg_at_1000_max": -0.111411,
        "nauc_ndcg_at_1000_std": -0.164315,
        "nauc_ndcg_at_1000_diff1": 0.24178,
        "nauc_map_at_1_max": -0.043372,
        "nauc_map_at_1_std": -0.105962,
        "nauc_map_at_1_diff1": 0.241125,
        "nauc_map_at_3_max": -0.087135,
        "nauc_map_at_3_std": -0.15632,
        "nauc_map_at_3_diff1": 0.23963,
        "nauc_map_at_5_max": -0.094616,
        "nauc_map_at_5_std": -0.158798,
        "nauc_map_at_5_diff1": 0.24095,
        "nauc_map_at_10_max": -0.096469,
        "nauc_map_at_10_std": -0.160823,
        "nauc_map_at_10_diff1": 0.243385,
        "nauc_map_at_20_max": -0.09794,
        "nauc_map_at_20_std": -0.160004,
        "nauc_map_at_20_diff1": 0.241826,
        "nauc_map_at_100_max": -0.097034,
        "nauc_map_at_100_std": -0.15826,
        "nauc_map_at_100_diff1": 0.241627,
        "nauc_map_at_1000_max": -0.096722,
        "nauc_map_at_1000_std": -0.158104,
        "nauc_map_at_1000_diff1": 0.241546,
        "nauc_recall_at_1_max": -0.043372,
        "nauc_recall_at_1_std": -0.105962,
        "nauc_recall_at_1_diff1": 0.241125,
        "nauc_recall_at_3_max": -0.138641,
        "nauc_recall_at_3_std": -0.205786,
        "nauc_recall_at_3_diff1": 0.244899,
        "nauc_recall_at_5_max": -0.178449,
        "nauc_recall_at_5_std": -0.224928,
        "nauc_recall_at_5_diff1": 0.255834,
        "nauc_recall_at_10_max": -0.210267,
        "nauc_recall_at_10_std": -0.256622,
        "nauc_recall_at_10_diff1": 0.294959,
        "nauc_recall_at_20_max": -0.270287,
        "nauc_recall_at_20_std": -0.27106,
        "nauc_recall_at_20_diff1": 0.269215,
        "nauc_recall_at_100_max": -0.379363,
        "nauc_recall_at_100_std": -0.237514,
        "nauc_recall_at_100_diff1": 0.273805,
        "nauc_recall_at_1000_max": -0.388316,
        "nauc_recall_at_1000_std": 0.26317,
        "nauc_recall_at_1000_diff1": -0.245576,
        "nauc_precision_at_1_max": -0.043372,
        "nauc_precision_at_1_std": -0.105962,
        "nauc_precision_at_1_diff1": 0.241125,
        "nauc_precision_at_3_max": -0.138641,
        "nauc_precision_at_3_std": -0.205786,
        "nauc_precision_at_3_diff1": 0.244899,
        "nauc_precision_at_5_max": -0.178449,
        "nauc_precision_at_5_std": -0.224928,
        "nauc_precision_at_5_diff1": 0.255834,
        "nauc_precision_at_10_max": -0.210267,
        "nauc_precision_at_10_std": -0.256622,
        "nauc_precision_at_10_diff1": 0.294959,
        "nauc_precision_at_20_max": -0.270287,
        "nauc_precision_at_20_std": -0.27106,
        "nauc_precision_at_20_diff1": 0.269215,
        "nauc_precision_at_100_max": -0.379363,
        "nauc_precision_at_100_std": -0.237514,
        "nauc_precision_at_100_diff1": 0.273805,
        "nauc_precision_at_1000_max": -0.388316,
        "nauc_precision_at_1000_std": 0.26317,
        "nauc_precision_at_1000_diff1": -0.245576,
        "nauc_mrr_at_1_max": -0.047536,
        "nauc_mrr_at_1_std": -0.110209,
        "nauc_mrr_at_1_diff1": 0.243806,
        "nauc_mrr_at_3_max": -0.087669,
        "nauc_mrr_at_3_std": -0.157178,
        "nauc_mrr_at_3_diff1": 0.243496,
        "nauc_mrr_at_5_max": -0.096402,
        "nauc_mrr_at_5_std": -0.161213,
        "nauc_mrr_at_5_diff1": 0.243304,
        "nauc_mrr_at_10_max": -0.098116,
        "nauc_mrr_at_10_std": -0.163025,
        "nauc_mrr_at_10_diff1": 0.245482,
        "nauc_mrr_at_20_max": -0.099735,
        "nauc_mrr_at_20_std": -0.16219,
        "nauc_mrr_at_20_diff1": 0.244285,
        "nauc_mrr_at_100_max": -0.09882,
        "nauc_mrr_at_100_std": -0.160649,
        "nauc_mrr_at_100_diff1": 0.244199,
        "nauc_mrr_at_1000_max": -0.098512,
        "nauc_mrr_at_1000_std": -0.160494,
        "nauc_mrr_at_1000_diff1": 0.244121,
        "main_score": 0.50696,
        "hf_subset": "default",
        "languages": [
          "eng-Latn"
        ]
      }
    ]
  },
  "evaluation_time": 14.97466254234314,
  "kg_co2_emissions": null
}