{
  "dataset_revision": "ebfcd844eadd3d667efa3c57fc5c8c87f5c2867e",
  "task_name": "AILAStatutes",
  "mteb_version": "1.39.7",
  "scores": {
    "test": [
      {
        "ndcg_at_1": 0.32,
        "ndcg_at_3": 0.26394,
        "ndcg_at_5": 0.25916,
        "ndcg_at_10": 0.31063,
        "ndcg_at_20": 0.35058,
        "ndcg_at_100": 0.51206,
        "ndcg_at_1000": 0.51206,
        "map_at_1": 0.08967,
        "map_at_3": 0.14333,
        "map_at_5": 0.16728,
        "map_at_10": 0.19304,
        "map_at_20": 0.21114,
        "map_at_100": 0.24989,
        "map_at_1000": 0.24989,
        "recall_at_1": 0.08967,
        "recall_at_3": 0.17833,
        "recall_at_5": 0.24333,
        "recall_at_10": 0.34133,
        "recall_at_20": 0.439,
        "recall_at_100": 1.0,
        "recall_at_1000": 1.0,
        "precision_at_1": 0.32,
        "precision_at_3": 0.23333,
        "precision_at_5": 0.196,
        "precision_at_10": 0.144,
        "precision_at_20": 0.094,
        "precision_at_100": 0.0434,
        "precision_at_1000": 0.00434,
        "mrr_at_1": 0.32,
        "mrr_at_3": 0.436667,
        "mrr_at_5": 0.465667,
        "mrr_at_10": 0.481833,
        "mrr_at_20": 0.484417,
        "mrr_at_100": 0.488915,
        "mrr_at_1000": 0.488915,
        "nauc_ndcg_at_1_max": 0.554961,
        "nauc_ndcg_at_1_std": -0.050813,
        "nauc_ndcg_at_1_diff1": 0.321899,
        "nauc_ndcg_at_3_max": 0.633211,
        "nauc_ndcg_at_3_std": 0.016564,
        "nauc_ndcg_at_3_diff1": 0.357013,
        "nauc_ndcg_at_5_max": 0.607021,
        "nauc_ndcg_at_5_std": 0.19633,
        "nauc_ndcg_at_5_diff1": 0.346702,
        "nauc_ndcg_at_10_max": 0.625286,
        "nauc_ndcg_at_10_std": 0.196381,
        "nauc_ndcg_at_10_diff1": 0.365337,
        "nauc_ndcg_at_20_max": 0.674659,
        "nauc_ndcg_at_20_std": 0.228653,
        "nauc_ndcg_at_20_diff1": 0.32768,
        "nauc_ndcg_at_100_max": 0.631433,
        "nauc_ndcg_at_100_std": 0.164653,
        "nauc_ndcg_at_100_diff1": 0.355156,
        "nauc_ndcg_at_1000_max": 0.631433,
        "nauc_ndcg_at_1000_std": 0.164653,
        "nauc_ndcg_at_1000_diff1": 0.355156,
        "nauc_map_at_1_max": 0.514709,
        "nauc_map_at_1_std": 0.038977,
        "nauc_map_at_1_diff1": 0.230903,
        "nauc_map_at_3_max": 0.640935,
        "nauc_map_at_3_std": 0.046243,
        "nauc_map_at_3_diff1": 0.339527,
        "nauc_map_at_5_max": 0.621277,
        "nauc_map_at_5_std": 0.171748,
        "nauc_map_at_5_diff1": 0.353681,
        "nauc_map_at_10_max": 0.659467,
        "nauc_map_at_10_std": 0.191957,
        "nauc_map_at_10_diff1": 0.367709,
        "nauc_map_at_20_max": 0.677051,
        "nauc_map_at_20_std": 0.203378,
        "nauc_map_at_20_diff1": 0.343953,
        "nauc_map_at_100_max": 0.66074,
        "nauc_map_at_100_std": 0.201919,
        "nauc_map_at_100_diff1": 0.344778,
        "nauc_map_at_1000_max": 0.66074,
        "nauc_map_at_1000_std": 0.201919,
        "nauc_map_at_1000_diff1": 0.344778,
        "nauc_recall_at_1_max": 0.514709,
        "nauc_recall_at_1_std": 0.038977,
        "nauc_recall_at_1_diff1": 0.230903,
        "nauc_recall_at_3_max": 0.667203,
        "nauc_recall_at_3_std": 0.088143,
        "nauc_recall_at_3_diff1": 0.306045,
        "nauc_recall_at_5_max": 0.523927,
        "nauc_recall_at_5_std": 0.327765,
        "nauc_recall_at_5_diff1": 0.296773,
        "nauc_recall_at_10_max": 0.504524,
        "nauc_recall_at_10_std": 0.301876,
        "nauc_recall_at_10_diff1": 0.302156,
        "nauc_recall_at_20_max": 0.559726,
        "nauc_recall_at_20_std": 0.334331,
        "nauc_recall_at_20_diff1": 0.174059,
        "nauc_recall_at_100_max": NaN,
        "nauc_recall_at_100_std": NaN,
        "nauc_recall_at_100_diff1": NaN,
        "nauc_recall_at_1000_max": NaN,
        "nauc_recall_at_1000_std": NaN,
        "nauc_recall_at_1000_diff1": NaN,
        "nauc_precision_at_1_max": 0.554961,
        "nauc_precision_at_1_std": -0.050813,
        "nauc_precision_at_1_diff1": 0.321899,
        "nauc_precision_at_3_max": 0.664989,
        "nauc_precision_at_3_std": 0.01679,
        "nauc_precision_at_3_diff1": 0.378043,
        "nauc_precision_at_5_max": 0.462904,
        "nauc_precision_at_5_std": 0.295934,
        "nauc_precision_at_5_diff1": 0.336842,
        "nauc_precision_at_10_max": 0.389602,
        "nauc_precision_at_10_std": 0.227478,
        "nauc_precision_at_10_diff1": 0.298295,
        "nauc_precision_at_20_max": 0.406094,
        "nauc_precision_at_20_std": 0.244842,
        "nauc_precision_at_20_diff1": 0.172539,
        "nauc_precision_at_100_max": -0.474671,
        "nauc_precision_at_100_std": -0.181501,
        "nauc_precision_at_100_diff1": 0.060134,
        "nauc_precision_at_1000_max": -0.474671,
        "nauc_precision_at_1000_std": -0.181501,
        "nauc_precision_at_1000_diff1": 0.060134,
        "nauc_mrr_at_1_max": 0.554961,
        "nauc_mrr_at_1_std": -0.050813,
        "nauc_mrr_at_1_diff1": 0.321899,
        "nauc_mrr_at_3_max": 0.599611,
        "nauc_mrr_at_3_std": 0.00447,
        "nauc_mrr_at_3_diff1": 0.33306,
        "nauc_mrr_at_5_max": 0.575226,
        "nauc_mrr_at_5_std": 0.030586,
        "nauc_mrr_at_5_diff1": 0.331643,
        "nauc_mrr_at_10_max": 0.563055,
        "nauc_mrr_at_10_std": 0.01428,
        "nauc_mrr_at_10_diff1": 0.334728,
        "nauc_mrr_at_20_max": 0.572359,
        "nauc_mrr_at_20_std": 0.020013,
        "nauc_mrr_at_20_diff1": 0.339854,
        "nauc_mrr_at_100_max": 0.572476,
        "nauc_mrr_at_100_std": 0.018114,
        "nauc_mrr_at_100_diff1": 0.338151,
        "nauc_mrr_at_1000_max": 0.572476,
        "nauc_mrr_at_1000_std": 0.018114,
        "nauc_mrr_at_1000_diff1": 0.338151,
        "main_score": 0.31063,
        "hf_subset": "default",
        "languages": [
          "eng-Latn"
        ]
      }
    ]
  },
  "evaluation_time": 3.8513808250427246,
  "kg_co2_emissions": null
}