{
  "dataset_revision": "c22ab2a51041ffd869aaddef7af8d8215647e41a",
  "task_name": "ArguAna",
  "mteb_version": "1.39.7",
  "scores": {
    "test": [
      {
        "ndcg_at_1": 0.44879,
        "ndcg_at_3": 0.60399,
        "ndcg_at_5": 0.64954,
        "ndcg_at_10": 0.68092,
        "ndcg_at_20": 0.69551,
        "ndcg_at_100": 0.69943,
        "ndcg_at_1000": 0.69963,
        "map_at_1": 0.44879,
        "map_at_3": 0.56615,
        "map_at_5": 0.5915,
        "map_at_10": 0.60478,
        "map_at_20": 0.609,
        "map_at_100": 0.60962,
        "map_at_1000": 0.60963,
        "recall_at_1": 0.44879,
        "recall_at_3": 0.71337,
        "recall_at_5": 0.82361,
        "recall_at_10": 0.91892,
        "recall_at_20": 0.97511,
        "recall_at_100": 0.99502,
        "recall_at_1000": 0.99644,
        "precision_at_1": 0.44879,
        "precision_at_3": 0.23779,
        "precision_at_5": 0.16472,
        "precision_at_10": 0.09189,
        "precision_at_20": 0.04876,
        "precision_at_100": 0.00995,
        "precision_at_1000": 0.001,
        "mrr_at_1": 0.462304,
        "mrr_at_3": 0.571124,
        "mrr_at_5": 0.596693,
        "mrr_at_10": 0.609918,
        "mrr_at_20": 0.614302,
        "mrr_at_100": 0.614895,
        "mrr_at_1000": 0.614907,
        "nauc_ndcg_at_1_max": -0.071669,
        "nauc_ndcg_at_1_std": -0.19092,
        "nauc_ndcg_at_1_diff1": 0.326413,
        "nauc_ndcg_at_3_max": -0.048359,
        "nauc_ndcg_at_3_std": -0.192671,
        "nauc_ndcg_at_3_diff1": 0.253504,
        "nauc_ndcg_at_5_max": -0.067574,
        "nauc_ndcg_at_5_std": -0.20288,
        "nauc_ndcg_at_5_diff1": 0.248056,
        "nauc_ndcg_at_10_max": -0.049005,
        "nauc_ndcg_at_10_std": -0.186236,
        "nauc_ndcg_at_10_diff1": 0.263116,
        "nauc_ndcg_at_20_max": -0.051872,
        "nauc_ndcg_at_20_std": -0.187848,
        "nauc_ndcg_at_20_diff1": 0.265841,
        "nauc_ndcg_at_100_max": -0.055399,
        "nauc_ndcg_at_100_std": -0.187203,
        "nauc_ndcg_at_100_diff1": 0.268252,
        "nauc_ndcg_at_1000_max": -0.055888,
        "nauc_ndcg_at_1000_std": -0.188268,
        "nauc_ndcg_at_1000_diff1": 0.268497,
        "nauc_map_at_1_max": -0.071669,
        "nauc_map_at_1_std": -0.19092,
        "nauc_map_at_1_diff1": 0.326413,
        "nauc_map_at_3_max": -0.052791,
        "nauc_map_at_3_std": -0.191178,
        "nauc_map_at_3_diff1": 0.270331,
        "nauc_map_at_5_max": -0.062616,
        "nauc_map_at_5_std": -0.196232,
        "nauc_map_at_5_diff1": 0.268618,
        "nauc_map_at_10_max": -0.056507,
        "nauc_map_at_10_std": -0.190165,
        "nauc_map_at_10_diff1": 0.274522,
        "nauc_map_at_20_max": -0.057435,
        "nauc_map_at_20_std": -0.191071,
        "nauc_map_at_20_diff1": 0.275168,
        "nauc_map_at_100_max": -0.057844,
        "nauc_map_at_100_std": -0.191022,
        "nauc_map_at_100_diff1": 0.275532,
        "nauc_map_at_1000_max": -0.057866,
        "nauc_map_at_1000_std": -0.191069,
        "nauc_map_at_1000_diff1": 0.275541,
        "nauc_recall_at_1_max": -0.071669,
        "nauc_recall_at_1_std": -0.19092,
        "nauc_recall_at_1_diff1": 0.326413,
        "nauc_recall_at_3_max": -0.033414,
        "nauc_recall_at_3_std": -0.198576,
        "nauc_recall_at_3_diff1": 0.194532,
        "nauc_recall_at_5_max": -0.099217,
        "nauc_recall_at_5_std": -0.239846,
        "nauc_recall_at_5_diff1": 0.145063,
        "nauc_recall_at_10_max": 0.04109,
        "nauc_recall_at_10_std": -0.132176,
        "nauc_recall_at_10_diff1": 0.172845,
        "nauc_recall_at_20_max": 0.159453,
        "nauc_recall_at_20_std": -0.02524,
        "nauc_recall_at_20_diff1": 0.072786,
        "nauc_recall_at_100_max": 0.190324,
        "nauc_recall_at_100_std": 0.798567,
        "nauc_recall_at_100_diff1": -0.202748,
        "nauc_recall_at_1000_max": 0.084009,
        "nauc_recall_at_1000_std": 0.744145,
        "nauc_recall_at_1000_diff1": -0.281974,
        "nauc_precision_at_1_max": -0.071669,
        "nauc_precision_at_1_std": -0.19092,
        "nauc_precision_at_1_diff1": 0.326413,
        "nauc_precision_at_3_max": -0.033414,
        "nauc_precision_at_3_std": -0.198576,
        "nauc_precision_at_3_diff1": 0.194532,
        "nauc_precision_at_5_max": -0.099217,
        "nauc_precision_at_5_std": -0.239846,
        "nauc_precision_at_5_diff1": 0.145063,
        "nauc_precision_at_10_max": 0.04109,
        "nauc_precision_at_10_std": -0.132176,
        "nauc_precision_at_10_diff1": 0.172845,
        "nauc_precision_at_20_max": 0.159453,
        "nauc_precision_at_20_std": -0.02524,
        "nauc_precision_at_20_diff1": 0.072786,
        "nauc_precision_at_100_max": 0.190324,
        "nauc_precision_at_100_std": 0.798567,
        "nauc_precision_at_100_diff1": -0.202748,
        "nauc_precision_at_1000_max": 0.084009,
        "nauc_precision_at_1000_std": 0.744145,
        "nauc_precision_at_1000_diff1": -0.281974,
        "nauc_mrr_at_1_max": -0.067849,
        "nauc_mrr_at_1_std": -0.181852,
        "nauc_mrr_at_1_diff1": 0.289871,
        "nauc_mrr_at_3_max": -0.058,
        "nauc_mrr_at_3_std": -0.186265,
        "nauc_mrr_at_3_diff1": 0.241026,
        "nauc_mrr_at_5_max": -0.068797,
        "nauc_mrr_at_5_std": -0.192799,
        "nauc_mrr_at_5_diff1": 0.237886,
        "nauc_mrr_at_10_max": -0.061549,
        "nauc_mrr_at_10_std": -0.186071,
        "nauc_mrr_at_10_diff1": 0.242993,
        "nauc_mrr_at_20_max": -0.06248,
        "nauc_mrr_at_20_std": -0.186794,
        "nauc_mrr_at_20_diff1": 0.243346,
        "nauc_mrr_at_100_max": -0.062847,
        "nauc_mrr_at_100_std": -0.186769,
        "nauc_mrr_at_100_diff1": 0.243618,
        "nauc_mrr_at_1000_max": -0.06287,
        "nauc_mrr_at_1000_std": -0.186816,
        "nauc_mrr_at_1000_diff1": 0.243625,
        "main_score": 0.68092,
        "hf_subset": "default",
        "languages": [
          "eng-Latn"
        ]
      }
    ]
  },
  "evaluation_time": 109.27206683158875,
  "kg_co2_emissions": null
}