{
  "dataset_revision": "1271c7809071a13532e05f25fb53511ffce77117",
  "task_name": "CovidRetrieval",
  "mteb_version": "1.39.7",
  "scores": {
    "dev": [
      {
        "ndcg_at_1": 0.68388,
        "ndcg_at_3": 0.76963,
        "ndcg_at_5": 0.78554,
        "ndcg_at_10": 0.80515,
        "ndcg_at_20": 0.81351,
        "ndcg_at_100": 0.81981,
        "ndcg_at_1000": 0.82105,
        "map_at_1": 0.6823,
        "map_at_3": 0.74903,
        "map_at_5": 0.758,
        "map_at_10": 0.7665,
        "map_at_20": 0.76894,
        "map_at_100": 0.76986,
        "map_at_1000": 0.76991,
        "recall_at_1": 0.6823,
        "recall_at_3": 0.82877,
        "recall_at_5": 0.8667,
        "recall_at_10": 0.92518,
        "recall_at_20": 0.95732,
        "recall_at_100": 0.99052,
        "recall_at_1000": 1.0,
        "precision_at_1": 0.68388,
        "precision_at_3": 0.27749,
        "precision_at_5": 0.1745,
        "precision_at_10": 0.09347,
        "precision_at_20": 0.04837,
        "precision_at_100": 0.01001,
        "precision_at_1000": 0.00101,
        "mrr_at_1": 0.683878,
        "mrr_at_3": 0.748332,
        "mrr_at_5": 0.757604,
        "mrr_at_10": 0.76594,
        "mrr_at_20": 0.768279,
        "mrr_at_100": 0.769161,
        "mrr_at_1000": 0.769212,
        "nauc_ndcg_at_1_max": 0.32512,
        "nauc_ndcg_at_1_std": -0.390684,
        "nauc_ndcg_at_1_diff1": 0.827932,
        "nauc_ndcg_at_3_max": 0.322949,
        "nauc_ndcg_at_3_std": -0.446522,
        "nauc_ndcg_at_3_diff1": 0.786617,
        "nauc_ndcg_at_5_max": 0.318493,
        "nauc_ndcg_at_5_std": -0.453253,
        "nauc_ndcg_at_5_diff1": 0.779396,
        "nauc_ndcg_at_10_max": 0.319047,
        "nauc_ndcg_at_10_std": -0.440968,
        "nauc_ndcg_at_10_diff1": 0.77854,
        "nauc_ndcg_at_20_max": 0.321993,
        "nauc_ndcg_at_20_std": -0.437234,
        "nauc_ndcg_at_20_diff1": 0.787142,
        "nauc_ndcg_at_100_max": 0.325511,
        "nauc_ndcg_at_100_std": -0.429228,
        "nauc_ndcg_at_100_diff1": 0.790976,
        "nauc_ndcg_at_1000_max": 0.325594,
        "nauc_ndcg_at_1000_std": -0.429452,
        "nauc_ndcg_at_1000_diff1": 0.791335,
        "nauc_map_at_1_max": 0.321409,
        "nauc_map_at_1_std": -0.397321,
        "nauc_map_at_1_diff1": 0.830856,
        "nauc_map_at_3_max": 0.324941,
        "nauc_map_at_3_std": -0.429812,
        "nauc_map_at_3_diff1": 0.797416,
        "nauc_map_at_5_max": 0.322615,
        "nauc_map_at_5_std": -0.433107,
        "nauc_map_at_5_diff1": 0.794202,
        "nauc_map_at_10_max": 0.324382,
        "nauc_map_at_10_std": -0.427665,
        "nauc_map_at_10_diff1": 0.793831,
        "nauc_map_at_20_max": 0.325241,
        "nauc_map_at_20_std": -0.426202,
        "nauc_map_at_20_diff1": 0.795868,
        "nauc_map_at_100_max": 0.325833,
        "nauc_map_at_100_std": -0.425156,
        "nauc_map_at_100_diff1": 0.796371,
        "nauc_map_at_1000_max": 0.32586,
        "nauc_map_at_1000_std": -0.425134,
        "nauc_map_at_1000_diff1": 0.796384,
        "nauc_recall_at_1_max": 0.321409,
        "nauc_recall_at_1_std": -0.397321,
        "nauc_recall_at_1_diff1": 0.830856,
        "nauc_recall_at_3_max": 0.315447,
        "nauc_recall_at_3_std": -0.510404,
        "nauc_recall_at_3_diff1": 0.744864,
        "nauc_recall_at_5_max": 0.293503,
        "nauc_recall_at_5_std": -0.550213,
        "nauc_recall_at_5_diff1": 0.708975,
        "nauc_recall_at_10_max": 0.267415,
        "nauc_recall_at_10_std": -0.54271,
        "nauc_recall_at_10_diff1": 0.660196,
        "nauc_recall_at_20_max": 0.268789,
        "nauc_recall_at_20_std": -0.576748,
        "nauc_recall_at_20_diff1": 0.704814,
        "nauc_recall_at_100_max": 0.343675,
        "nauc_recall_at_100_std": -0.369056,
        "nauc_recall_at_100_diff1": 0.744205,
        "nauc_recall_at_1000_max": NaN,
        "nauc_recall_at_1000_std": NaN,
        "nauc_recall_at_1000_diff1": NaN,
        "nauc_precision_at_1_max": 0.32512,
        "nauc_precision_at_1_std": -0.390684,
        "nauc_precision_at_1_diff1": 0.827932,
        "nauc_precision_at_3_max": 0.311328,
        "nauc_precision_at_3_std": -0.472676,
        "nauc_precision_at_3_diff1": 0.702011,
        "nauc_precision_at_5_max": 0.290882,
        "nauc_precision_at_5_std": -0.485719,
        "nauc_precision_at_5_diff1": 0.625198,
        "nauc_precision_at_10_max": 0.269076,
        "nauc_precision_at_10_std": -0.371979,
        "nauc_precision_at_10_diff1": 0.456265,
        "nauc_precision_at_20_max": 0.256948,
        "nauc_precision_at_20_std": -0.277869,
        "nauc_precision_at_20_diff1": 0.349618,
        "nauc_precision_at_100_max": 0.249801,
        "nauc_precision_at_100_std": 0.206387,
        "nauc_precision_at_100_diff1": -0.109688,
        "nauc_precision_at_1000_max": 0.201191,
        "nauc_precision_at_1000_std": 0.504369,
        "nauc_precision_at_1000_diff1": -0.551859,
        "nauc_mrr_at_1_max": 0.32512,
        "nauc_mrr_at_1_std": -0.389913,
        "nauc_mrr_at_1_diff1": 0.827932,
        "nauc_mrr_at_3_max": 0.325486,
        "nauc_mrr_at_3_std": -0.433562,
        "nauc_mrr_at_3_diff1": 0.798702,
        "nauc_mrr_at_5_max": 0.325005,
        "nauc_mrr_at_5_std": -0.433889,
        "nauc_mrr_at_5_diff1": 0.794741,
        "nauc_mrr_at_10_max": 0.324095,
        "nauc_mrr_at_10_std": -0.428071,
        "nauc_mrr_at_10_diff1": 0.794794,
        "nauc_mrr_at_20_max": 0.324932,
        "nauc_mrr_at_20_std": -0.42695,
        "nauc_mrr_at_20_diff1": 0.796909,
        "nauc_mrr_at_100_max": 0.325441,
        "nauc_mrr_at_100_std": -0.426123,
        "nauc_mrr_at_100_diff1": 0.797449,
        "nauc_mrr_at_1000_max": 0.325469,
        "nauc_mrr_at_1000_std": -0.426101,
        "nauc_mrr_at_1000_diff1": 0.797462,
        "main_score": 0.80515,
        "hf_subset": "default",
        "languages": [
          "cmn-Hans"
        ]
      }
    ]
  },
  "evaluation_time": 1011.6989698410034,
  "kg_co2_emissions": null
}