{
  "dataset_revision": "b2a085913606be3c4f2f1a8bff1810e38bade8fa",
  "task_name": "HagridRetrieval",
  "mteb_version": "1.39.7",
  "scores": {
    "dev": [
      {
        "ndcg_at_1": 0.98185,
        "ndcg_at_3": 0.98694,
        "ndcg_at_5": 0.98772,
        "ndcg_at_10": 0.98772,
        "ndcg_at_20": 0.98772,
        "ndcg_at_100": 0.98772,
        "ndcg_at_1000": 0.98879,
        "map_at_1": 0.98185,
        "map_at_3": 0.98589,
        "map_at_5": 0.98629,
        "map_at_10": 0.98629,
        "map_at_20": 0.98629,
        "map_at_100": 0.98629,
        "map_at_1000": 0.98634,
        "recall_at_1": 0.98185,
        "recall_at_3": 0.98992,
        "recall_at_5": 0.99194,
        "recall_at_10": 0.99194,
        "recall_at_20": 0.99194,
        "recall_at_100": 0.99194,
        "recall_at_1000": 1.0,
        "precision_at_1": 0.98185,
        "precision_at_3": 0.32997,
        "precision_at_5": 0.19839,
        "precision_at_10": 0.09919,
        "precision_at_20": 0.0496,
        "precision_at_100": 0.00992,
        "precision_at_1000": 0.001,
        "mrr_at_1": 0.981855,
        "mrr_at_3": 0.985887,
        "mrr_at_5": 0.98629,
        "mrr_at_10": 0.98629,
        "mrr_at_20": 0.98629,
        "mrr_at_100": 0.98629,
        "mrr_at_1000": 0.986336,
        "nauc_ndcg_at_1_max": 0.785828,
        "nauc_ndcg_at_1_std": -0.082968,
        "nauc_ndcg_at_1_diff1": 0.928689,
        "nauc_ndcg_at_3_max": 0.863087,
        "nauc_ndcg_at_3_std": 0.03644,
        "nauc_ndcg_at_3_diff1": 0.9009,
        "nauc_ndcg_at_5_max": 0.854389,
        "nauc_ndcg_at_5_std": 0.030947,
        "nauc_ndcg_at_5_diff1": 0.894604,
        "nauc_ndcg_at_10_max": 0.854389,
        "nauc_ndcg_at_10_std": 0.030947,
        "nauc_ndcg_at_10_diff1": 0.894604,
        "nauc_ndcg_at_20_max": 0.854389,
        "nauc_ndcg_at_20_std": 0.030947,
        "nauc_ndcg_at_20_diff1": 0.894604,
        "nauc_ndcg_at_100_max": 0.854389,
        "nauc_ndcg_at_100_std": 0.030947,
        "nauc_ndcg_at_100_diff1": 0.894604,
        "nauc_ndcg_at_1000_max": 0.846281,
        "nauc_ndcg_at_1000_std": 0.018686,
        "nauc_ndcg_at_1000_diff1": 0.897808,
        "nauc_map_at_1_max": 0.785828,
        "nauc_map_at_1_std": -0.082968,
        "nauc_map_at_1_diff1": 0.928689,
        "nauc_map_at_3_max": 0.842473,
        "nauc_map_at_3_std": 0.004581,
        "nauc_map_at_3_diff1": 0.908314,
        "nauc_map_at_5_max": 0.83784,
        "nauc_map_at_5_std": 0.0011,
        "nauc_map_at_5_diff1": 0.905618,
        "nauc_map_at_10_max": 0.83784,
        "nauc_map_at_10_std": 0.0011,
        "nauc_map_at_10_diff1": 0.905618,
        "nauc_map_at_20_max": 0.83784,
        "nauc_map_at_20_std": 0.0011,
        "nauc_map_at_20_diff1": 0.905618,
        "nauc_map_at_100_max": 0.83784,
        "nauc_map_at_100_std": 0.0011,
        "nauc_map_at_100_diff1": 0.905618,
        "nauc_map_at_1000_max": 0.83739,
        "nauc_map_at_1000_std": 0.000803,
        "nauc_map_at_1000_diff1": 0.905522,
        "nauc_recall_at_1_max": 0.785828,
        "nauc_recall_at_1_std": -0.082968,
        "nauc_recall_at_1_diff1": 0.928689,
        "nauc_recall_at_3_max": 0.944436,
        "nauc_recall_at_3_std": 0.162168,
        "nauc_recall_at_3_diff1": 0.87164,
        "nauc_recall_at_5_max": 0.930545,
        "nauc_recall_at_5_std": 0.171984,
        "nauc_recall_at_5_diff1": 0.83955,
        "nauc_recall_at_10_max": 0.930545,
        "nauc_recall_at_10_std": 0.171984,
        "nauc_recall_at_10_diff1": 0.83955,
        "nauc_recall_at_20_max": 0.930545,
        "nauc_recall_at_20_std": 0.171984,
        "nauc_recall_at_20_diff1": 0.83955,
        "nauc_recall_at_100_max": 0.930545,
        "nauc_recall_at_100_std": 0.171984,
        "nauc_recall_at_100_diff1": 0.83955,
        "nauc_recall_at_1000_max": NaN,
        "nauc_recall_at_1000_std": NaN,
        "nauc_recall_at_1000_diff1": NaN,
        "nauc_precision_at_1_max": 0.785828,
        "nauc_precision_at_1_std": -0.082968,
        "nauc_precision_at_1_diff1": 0.928689,
        "nauc_precision_at_3_max": 0.944436,
        "nauc_precision_at_3_std": 0.162168,
        "nauc_precision_at_3_diff1": 0.87164,
        "nauc_precision_at_5_max": 0.930545,
        "nauc_precision_at_5_std": 0.171984,
        "nauc_precision_at_5_diff1": 0.83955,
        "nauc_precision_at_10_max": 0.930545,
        "nauc_precision_at_10_std": 0.171984,
        "nauc_precision_at_10_diff1": 0.83955,
        "nauc_precision_at_20_max": 0.930545,
        "nauc_precision_at_20_std": 0.171984,
        "nauc_precision_at_20_diff1": 0.83955,
        "nauc_precision_at_100_max": 0.930545,
        "nauc_precision_at_100_std": 0.171984,
        "nauc_precision_at_100_diff1": 0.83955,
        "nauc_precision_at_1000_max": 1.0,
        "nauc_precision_at_1000_std": 1.0,
        "nauc_precision_at_1000_diff1": 1.0,
        "nauc_mrr_at_1_max": 0.785828,
        "nauc_mrr_at_1_std": -0.082968,
        "nauc_mrr_at_1_diff1": 0.928689,
        "nauc_mrr_at_3_max": 0.842473,
        "nauc_mrr_at_3_std": 0.004581,
        "nauc_mrr_at_3_diff1": 0.908314,
        "nauc_mrr_at_5_max": 0.83784,
        "nauc_mrr_at_5_std": 0.0011,
        "nauc_mrr_at_5_diff1": 0.905618,
        "nauc_mrr_at_10_max": 0.83784,
        "nauc_mrr_at_10_std": 0.0011,
        "nauc_mrr_at_10_diff1": 0.905618,
        "nauc_mrr_at_20_max": 0.83784,
        "nauc_mrr_at_20_std": 0.0011,
        "nauc_mrr_at_20_diff1": 0.905618,
        "nauc_mrr_at_100_max": 0.83784,
        "nauc_mrr_at_100_std": 0.0011,
        "nauc_mrr_at_100_diff1": 0.905618,
        "nauc_mrr_at_1000_max": 0.837395,
        "nauc_mrr_at_1000_std": 0.000805,
        "nauc_mrr_at_1000_diff1": 0.905524,
        "main_score": 0.98772,
        "hf_subset": "default",
        "languages": [
          "eng-Latn"
        ]
      }
    ]
  },
  "evaluation_time": 4.060544967651367,
  "kg_co2_emissions": null
}