{
  "dataset_revision": "f69691c650464e62546d7f2a4536f8f87c891e38",
  "task_name": "LegalBenchCorporateLobbying",
  "mteb_version": "1.39.7",
  "scores": {
    "test": [
      {
        "ndcg_at_1": 0.88529,
        "ndcg_at_3": 0.94352,
        "ndcg_at_5": 0.94693,
        "ndcg_at_10": 0.94887,
        "ndcg_at_20": 0.94887,
        "ndcg_at_100": 0.9494,
        "ndcg_at_1000": 0.9498,
        "map_at_1": 0.88529,
        "map_at_3": 0.93088,
        "map_at_5": 0.93265,
        "map_at_10": 0.93346,
        "map_at_20": 0.93346,
        "map_at_100": 0.93353,
        "map_at_1000": 0.93355,
        "recall_at_1": 0.88529,
        "recall_at_3": 0.97941,
        "recall_at_5": 0.98824,
        "recall_at_10": 0.99412,
        "recall_at_20": 0.99412,
        "recall_at_100": 0.99706,
        "recall_at_1000": 1.0,
        "precision_at_1": 0.88529,
        "precision_at_3": 0.32647,
        "precision_at_5": 0.19765,
        "precision_at_10": 0.09941,
        "precision_at_20": 0.04971,
        "precision_at_100": 0.00997,
        "precision_at_1000": 0.001,
        "mrr_at_1": 0.885294,
        "mrr_at_3": 0.930882,
        "mrr_at_5": 0.932647,
        "mrr_at_10": 0.933464,
        "mrr_at_20": 0.933464,
        "mrr_at_100": 0.933528,
        "mrr_at_1000": 0.933546,
        "nauc_ndcg_at_1_max": 0.339867,
        "nauc_ndcg_at_1_std": -0.138024,
        "nauc_ndcg_at_1_diff1": 0.912781,
        "nauc_ndcg_at_3_max": 0.453545,
        "nauc_ndcg_at_3_std": -0.110543,
        "nauc_ndcg_at_3_diff1": 0.919906,
        "nauc_ndcg_at_5_max": 0.417919,
        "nauc_ndcg_at_5_std": -0.133243,
        "nauc_ndcg_at_5_diff1": 0.914684,
        "nauc_ndcg_at_10_max": 0.395604,
        "nauc_ndcg_at_10_std": -0.144202,
        "nauc_ndcg_at_10_diff1": 0.911413,
        "nauc_ndcg_at_20_max": 0.395604,
        "nauc_ndcg_at_20_std": -0.144202,
        "nauc_ndcg_at_20_diff1": 0.911413,
        "nauc_ndcg_at_100_max": 0.401621,
        "nauc_ndcg_at_100_std": -0.127267,
        "nauc_ndcg_at_100_diff1": 0.913421,
        "nauc_ndcg_at_1000_max": 0.396782,
        "nauc_ndcg_at_1000_std": -0.136382,
        "nauc_ndcg_at_1000_diff1": 0.912721,
        "nauc_map_at_1_max": 0.339867,
        "nauc_map_at_1_std": -0.138024,
        "nauc_map_at_1_diff1": 0.912781,
        "nauc_map_at_3_max": 0.413149,
        "nauc_map_at_3_std": -0.127395,
        "nauc_map_at_3_diff1": 0.915849,
        "nauc_map_at_5_max": 0.397551,
        "nauc_map_at_5_std": -0.137097,
        "nauc_map_at_5_diff1": 0.913612,
        "nauc_map_at_10_max": 0.390045,
        "nauc_map_at_10_std": -0.139577,
        "nauc_map_at_10_diff1": 0.912536,
        "nauc_map_at_20_max": 0.390045,
        "nauc_map_at_20_std": -0.139577,
        "nauc_map_at_20_diff1": 0.912536,
        "nauc_map_at_100_max": 0.390593,
        "nauc_map_at_100_std": -0.138015,
        "nauc_map_at_100_diff1": 0.912722,
        "nauc_map_at_1000_max": 0.390424,
        "nauc_map_at_1000_std": -0.13833,
        "nauc_map_at_1000_diff1": 0.912698,
        "nauc_recall_at_1_max": 0.339867,
        "nauc_recall_at_1_std": -0.138024,
        "nauc_recall_at_1_diff1": 0.912781,
        "nauc_recall_at_3_max": 0.832666,
        "nauc_recall_at_3_std": 0.05849,
        "nauc_recall_at_3_diff1": 0.960317,
        "nauc_recall_at_5_max": 0.707166,
        "nauc_recall_at_5_std": -0.075864,
        "nauc_recall_at_5_diff1": 0.930556,
        "nauc_recall_at_10_max": 0.414332,
        "nauc_recall_at_10_std": -0.369981,
        "nauc_recall_at_10_diff1": 0.861111,
        "nauc_recall_at_20_max": 0.414332,
        "nauc_recall_at_20_std": -0.369981,
        "nauc_recall_at_20_diff1": 0.861111,
        "nauc_recall_at_100_max": 1.0,
        "nauc_recall_at_100_std": 1.0,
        "nauc_recall_at_100_diff1": 1.0,
        "nauc_recall_at_1000_max": NaN,
        "nauc_recall_at_1000_std": NaN,
        "nauc_recall_at_1000_diff1": NaN,
        "nauc_precision_at_1_max": 0.339867,
        "nauc_precision_at_1_std": -0.138024,
        "nauc_precision_at_1_diff1": 0.912781,
        "nauc_precision_at_3_max": 0.832666,
        "nauc_precision_at_3_std": 0.05849,
        "nauc_precision_at_3_diff1": 0.960317,
        "nauc_precision_at_5_max": 0.707166,
        "nauc_precision_at_5_std": -0.075864,
        "nauc_precision_at_5_diff1": 0.930556,
        "nauc_precision_at_10_max": 0.414332,
        "nauc_precision_at_10_std": -0.369981,
        "nauc_precision_at_10_diff1": 0.861111,
        "nauc_precision_at_20_max": 0.414332,
        "nauc_precision_at_20_std": -0.369981,
        "nauc_precision_at_20_diff1": 0.861111,
        "nauc_precision_at_100_max": 1.0,
        "nauc_precision_at_100_std": 1.0,
        "nauc_precision_at_100_diff1": 1.0,
        "nauc_precision_at_1000_max": 1.0,
        "nauc_precision_at_1000_std": 1.0,
        "nauc_precision_at_1000_diff1": 1.0,
        "nauc_mrr_at_1_max": 0.326061,
        "nauc_mrr_at_1_std": -0.141859,
        "nauc_mrr_at_1_diff1": 0.912781,
        "nauc_mrr_at_3_max": 0.401727,
        "nauc_mrr_at_3_std": -0.130568,
        "nauc_mrr_at_3_diff1": 0.915849,
        "nauc_mrr_at_5_max": 0.385824,
        "nauc_mrr_at_5_std": -0.140355,
        "nauc_mrr_at_5_diff1": 0.913612,
        "nauc_mrr_at_10_max": 0.378172,
        "nauc_mrr_at_10_std": -0.142875,
        "nauc_mrr_at_10_diff1": 0.912536,
        "nauc_mrr_at_20_max": 0.378172,
        "nauc_mrr_at_20_std": -0.142875,
        "nauc_mrr_at_20_diff1": 0.912536,
        "nauc_mrr_at_100_max": 0.378709,
        "nauc_mrr_at_100_std": -0.141316,
        "nauc_mrr_at_100_diff1": 0.912722,
        "nauc_mrr_at_1000_max": 0.378535,
        "nauc_mrr_at_1000_std": -0.141634,
        "nauc_mrr_at_1000_diff1": 0.912697,
        "main_score": 0.94887,
        "hf_subset": "default",
        "languages": [
          "eng-Latn"
        ]
      }
    ]
  },
  "evaluation_time": 5.842383623123169,
  "kg_co2_emissions": null
}