{
  "dataset_revision": "f8c2fcf00f625baaa80f62ec5bd9e1fff3b8ae88",
  "task_name": "SCIDOCS",
  "mteb_version": "1.39.7",
  "scores": {
    "test": [
      {
        "ndcg_at_1": 0.249,
        "ndcg_at_3": 0.20707,
        "ndcg_at_5": 0.18006,
        "ndcg_at_10": 0.21848,
        "ndcg_at_20": 0.25038,
        "ndcg_at_100": 0.30972,
        "ndcg_at_1000": 0.36273,
        "map_at_1": 0.05058,
        "map_at_3": 0.09306,
        "map_at_5": 0.1115,
        "map_at_10": 0.13086,
        "map_at_20": 0.14336,
        "map_at_100": 0.15557,
        "map_at_1000": 0.15896,
        "recall_at_1": 0.05058,
        "recall_at_3": 0.11833,
        "recall_at_5": 0.16053,
        "recall_at_10": 0.2313,
        "recall_at_20": 0.30615,
        "recall_at_100": 0.49827,
        "recall_at_1000": 0.75402,
        "precision_at_1": 0.249,
        "precision_at_3": 0.19467,
        "precision_at_5": 0.1584,
        "precision_at_10": 0.1139,
        "precision_at_20": 0.0754,
        "precision_at_100": 0.02454,
        "precision_at_1000": 0.00371,
        "mrr_at_1": 0.248,
        "mrr_at_3": 0.330833,
        "mrr_at_5": 0.349233,
        "mrr_at_10": 0.36475,
        "mrr_at_20": 0.371644,
        "mrr_at_100": 0.37622,
        "mrr_at_1000": 0.376606,
        "nauc_ndcg_at_1_max": 0.213555,
        "nauc_ndcg_at_1_std": -0.022364,
        "nauc_ndcg_at_1_diff1": 0.210556,
        "nauc_ndcg_at_3_max": 0.253693,
        "nauc_ndcg_at_3_std": 0.005109,
        "nauc_ndcg_at_3_diff1": 0.166443,
        "nauc_ndcg_at_5_max": 0.27775,
        "nauc_ndcg_at_5_std": 0.030602,
        "nauc_ndcg_at_5_diff1": 0.166414,
        "nauc_ndcg_at_10_max": 0.305259,
        "nauc_ndcg_at_10_std": 0.063725,
        "nauc_ndcg_at_10_diff1": 0.169169,
        "nauc_ndcg_at_20_max": 0.309122,
        "nauc_ndcg_at_20_std": 0.083886,
        "nauc_ndcg_at_20_diff1": 0.157495,
        "nauc_ndcg_at_100_max": 0.32156,
        "nauc_ndcg_at_100_std": 0.128319,
        "nauc_ndcg_at_100_diff1": 0.156216,
        "nauc_ndcg_at_1000_max": 0.315501,
        "nauc_ndcg_at_1000_std": 0.141392,
        "nauc_ndcg_at_1000_diff1": 0.149561,
        "nauc_map_at_1_max": 0.21049,
        "nauc_map_at_1_std": -0.025237,
        "nauc_map_at_1_diff1": 0.209579,
        "nauc_map_at_3_max": 0.243186,
        "nauc_map_at_3_std": -0.011108,
        "nauc_map_at_3_diff1": 0.159458,
        "nauc_map_at_5_max": 0.269811,
        "nauc_map_at_5_std": 0.01707,
        "nauc_map_at_5_diff1": 0.159096,
        "nauc_map_at_10_max": 0.29541,
        "nauc_map_at_10_std": 0.045272,
        "nauc_map_at_10_diff1": 0.161585,
        "nauc_map_at_20_max": 0.301122,
        "nauc_map_at_20_std": 0.060342,
        "nauc_map_at_20_diff1": 0.15692,
        "nauc_map_at_100_max": 0.304338,
        "nauc_map_at_100_std": 0.073267,
        "nauc_map_at_100_diff1": 0.155397,
        "nauc_map_at_1000_max": 0.304909,
        "nauc_map_at_1000_std": 0.076393,
        "nauc_map_at_1000_diff1": 0.155027,
        "nauc_recall_at_1_max": 0.21049,
        "nauc_recall_at_1_std": -0.025237,
        "nauc_recall_at_1_diff1": 0.209579,
        "nauc_recall_at_3_max": 0.27345,
        "nauc_recall_at_3_std": 0.018252,
        "nauc_recall_at_3_diff1": 0.15506,
        "nauc_recall_at_5_max": 0.298756,
        "nauc_recall_at_5_std": 0.061652,
        "nauc_recall_at_5_diff1": 0.147795,
        "nauc_recall_at_10_max": 0.326386,
        "nauc_recall_at_10_std": 0.11574,
        "nauc_recall_at_10_diff1": 0.144542,
        "nauc_recall_at_20_max": 0.310529,
        "nauc_recall_at_20_std": 0.145962,
        "nauc_recall_at_20_diff1": 0.112527,
        "nauc_recall_at_100_max": 0.301896,
        "nauc_recall_at_100_std": 0.249332,
        "nauc_recall_at_100_diff1": 0.090101,
        "nauc_recall_at_1000_max": 0.246891,
        "nauc_recall_at_1000_std": 0.341869,
        "nauc_recall_at_1000_diff1": 0.029153,
        "nauc_precision_at_1_max": 0.213555,
        "nauc_precision_at_1_std": -0.022364,
        "nauc_precision_at_1_diff1": 0.210556,
        "nauc_precision_at_3_max": 0.276613,
        "nauc_precision_at_3_std": 0.021513,
        "nauc_precision_at_3_diff1": 0.155194,
        "nauc_precision_at_5_max": 0.301156,
        "nauc_precision_at_5_std": 0.064283,
        "nauc_precision_at_5_diff1": 0.147281,
        "nauc_precision_at_10_max": 0.330633,
        "nauc_precision_at_10_std": 0.118549,
        "nauc_precision_at_10_diff1": 0.146864,
        "nauc_precision_at_20_max": 0.314187,
        "nauc_precision_at_20_std": 0.148,
        "nauc_precision_at_20_diff1": 0.116086,
        "nauc_precision_at_100_max": 0.30386,
        "nauc_precision_at_100_std": 0.248791,
        "nauc_precision_at_100_diff1": 0.097185,
        "nauc_precision_at_1000_max": 0.241533,
        "nauc_precision_at_1000_std": 0.32915,
        "nauc_precision_at_1000_diff1": 0.03902,
        "nauc_mrr_at_1_max": 0.216684,
        "nauc_mrr_at_1_std": -0.019242,
        "nauc_mrr_at_1_diff1": 0.214093,
        "nauc_mrr_at_3_max": 0.240357,
        "nauc_mrr_at_3_std": 0.004788,
        "nauc_mrr_at_3_diff1": 0.191258,
        "nauc_mrr_at_5_max": 0.242249,
        "nauc_mrr_at_5_std": 0.006689,
        "nauc_mrr_at_5_diff1": 0.192045,
        "nauc_mrr_at_10_max": 0.246121,
        "nauc_mrr_at_10_std": 0.013992,
        "nauc_mrr_at_10_diff1": 0.193816,
        "nauc_mrr_at_20_max": 0.246012,
        "nauc_mrr_at_20_std": 0.015372,
        "nauc_mrr_at_20_diff1": 0.191541,
        "nauc_mrr_at_100_max": 0.24586,
        "nauc_mrr_at_100_std": 0.01569,
        "nauc_mrr_at_100_diff1": 0.192265,
        "nauc_mrr_at_1000_max": 0.245707,
        "nauc_mrr_at_1000_std": 0.015438,
        "nauc_mrr_at_1000_diff1": 0.192163,
        "main_score": 0.21848,
        "hf_subset": "default",
        "languages": [
          "eng-Latn"
        ]
      }
    ]
  },
  "evaluation_time": 267.90280055999756,
  "kg_co2_emissions": null
}