{
  "dataset_revision": "9ab3ca3ccdd0d43f9cd6d346a363935d127f4f45",
  "task_name": "SpartQA",
  "mteb_version": "1.39.7",
  "scores": {
    "test": [
      {
        "ndcg_at_1": 0.00751,
        "ndcg_at_3": 0.02394,
        "ndcg_at_5": 0.04008,
        "ndcg_at_10": 0.06872,
        "ndcg_at_20": 0.08944,
        "ndcg_at_100": 0.10794,
        "ndcg_at_1000": 0.14297,
        "map_at_1": 0.00417,
        "map_at_3": 0.0164,
        "map_at_5": 0.02474,
        "map_at_10": 0.03574,
        "map_at_20": 0.04142,
        "map_at_100": 0.04412,
        "map_at_1000": 0.04497,
        "recall_at_1": 0.00417,
        "recall_at_3": 0.03506,
        "recall_at_5": 0.07067,
        "recall_at_10": 0.15062,
        "recall_at_20": 0.225,
        "recall_at_100": 0.31311,
        "recall_at_1000": 0.5703,
        "precision_at_1": 0.00751,
        "precision_at_3": 0.01948,
        "precision_at_5": 0.0227,
        "precision_at_10": 0.0241,
        "precision_at_20": 0.01745,
        "precision_at_100": 0.00484,
        "precision_at_1000": 0.00097,
        "mrr_at_1": 0.007513,
        "mrr_at_3": 0.027082,
        "mrr_at_5": 0.037906,
        "mrr_at_10": 0.052806,
        "mrr_at_20": 0.059372,
        "mrr_at_100": 0.062377,
        "mrr_at_1000": 0.063348,
        "nauc_ndcg_at_1_max": -0.308052,
        "nauc_ndcg_at_1_std": 0.561285,
        "nauc_ndcg_at_1_diff1": -0.513714,
        "nauc_ndcg_at_3_max": -0.039565,
        "nauc_ndcg_at_3_std": 0.452652,
        "nauc_ndcg_at_3_diff1": -0.003852,
        "nauc_ndcg_at_5_max": 0.074014,
        "nauc_ndcg_at_5_std": 0.425041,
        "nauc_ndcg_at_5_diff1": 0.053868,
        "nauc_ndcg_at_10_max": 0.158033,
        "nauc_ndcg_at_10_std": 0.435583,
        "nauc_ndcg_at_10_diff1": 0.080821,
        "nauc_ndcg_at_20_max": 0.203583,
        "nauc_ndcg_at_20_std": 0.439306,
        "nauc_ndcg_at_20_diff1": 0.087917,
        "nauc_ndcg_at_100_max": 0.281678,
        "nauc_ndcg_at_100_std": 0.43726,
        "nauc_ndcg_at_100_diff1": 0.09816,
        "nauc_ndcg_at_1000_max": 0.26194,
        "nauc_ndcg_at_1000_std": 0.487003,
        "nauc_ndcg_at_1000_diff1": 0.118226,
        "nauc_map_at_1_max": -0.325138,
        "nauc_map_at_1_std": 0.589503,
        "nauc_map_at_1_diff1": -0.524284,
        "nauc_map_at_3_max": -0.073794,
        "nauc_map_at_3_std": 0.467399,
        "nauc_map_at_3_diff1": -0.061009,
        "nauc_map_at_5_max": 0.028511,
        "nauc_map_at_5_std": 0.444308,
        "nauc_map_at_5_diff1": 0.000671,
        "nauc_map_at_10_max": 0.095858,
        "nauc_map_at_10_std": 0.450919,
        "nauc_map_at_10_diff1": 0.029286,
        "nauc_map_at_20_max": 0.123126,
        "nauc_map_at_20_std": 0.454045,
        "nauc_map_at_20_diff1": 0.036695,
        "nauc_map_at_100_max": 0.148722,
        "nauc_map_at_100_std": 0.454871,
        "nauc_map_at_100_diff1": 0.041994,
        "nauc_map_at_1000_max": 0.147098,
        "nauc_map_at_1000_std": 0.457756,
        "nauc_map_at_1000_diff1": 0.04202,
        "nauc_recall_at_1_max": -0.325138,
        "nauc_recall_at_1_std": 0.589503,
        "nauc_recall_at_1_diff1": -0.524284,
        "nauc_recall_at_3_max": -0.016482,
        "nauc_recall_at_3_std": 0.446215,
        "nauc_recall_at_3_diff1": 0.035981,
        "nauc_recall_at_5_max": 0.112595,
        "nauc_recall_at_5_std": 0.412448,
        "nauc_recall_at_5_diff1": 0.082002,
        "nauc_recall_at_10_max": 0.19354,
        "nauc_recall_at_10_std": 0.405881,
        "nauc_recall_at_10_diff1": 0.096959,
        "nauc_recall_at_20_max": 0.245121,
        "nauc_recall_at_20_std": 0.396913,
        "nauc_recall_at_20_diff1": 0.096608,
        "nauc_recall_at_100_max": 0.366604,
        "nauc_recall_at_100_std": 0.373771,
        "nauc_recall_at_100_diff1": 0.106173,
        "nauc_recall_at_1000_max": 0.307168,
        "nauc_recall_at_1000_std": 0.465426,
        "nauc_recall_at_1000_diff1": 0.159059,
        "nauc_precision_at_1_max": -0.308052,
        "nauc_precision_at_1_std": 0.561285,
        "nauc_precision_at_1_diff1": -0.513714,
        "nauc_precision_at_3_max": 0.016595,
        "nauc_precision_at_3_std": 0.433784,
        "nauc_precision_at_3_diff1": 0.089008,
        "nauc_precision_at_5_max": 0.123567,
        "nauc_precision_at_5_std": 0.407938,
        "nauc_precision_at_5_diff1": 0.13125,
        "nauc_precision_at_10_max": 0.22297,
        "nauc_precision_at_10_std": 0.436352,
        "nauc_precision_at_10_diff1": 0.140932,
        "nauc_precision_at_20_max": 0.276654,
        "nauc_precision_at_20_std": 0.428148,
        "nauc_precision_at_20_diff1": 0.149858,
        "nauc_precision_at_100_max": 0.38957,
        "nauc_precision_at_100_std": 0.393918,
        "nauc_precision_at_100_diff1": 0.159,
        "nauc_precision_at_1000_max": 0.206639,
        "nauc_precision_at_1000_std": 0.364203,
        "nauc_precision_at_1000_diff1": 0.19349,
        "nauc_mrr_at_1_max": -0.308052,
        "nauc_mrr_at_1_std": 0.561285,
        "nauc_mrr_at_1_diff1": -0.513714,
        "nauc_mrr_at_3_max": -0.037403,
        "nauc_mrr_at_3_std": 0.455054,
        "nauc_mrr_at_3_diff1": -0.008634,
        "nauc_mrr_at_5_max": 0.056295,
        "nauc_mrr_at_5_std": 0.426805,
        "nauc_mrr_at_5_diff1": 0.049792,
        "nauc_mrr_at_10_max": 0.121826,
        "nauc_mrr_at_10_std": 0.435674,
        "nauc_mrr_at_10_diff1": 0.07595,
        "nauc_mrr_at_20_max": 0.143236,
        "nauc_mrr_at_20_std": 0.439628,
        "nauc_mrr_at_20_diff1": 0.078422,
        "nauc_mrr_at_100_max": 0.160435,
        "nauc_mrr_at_100_std": 0.440297,
        "nauc_mrr_at_100_diff1": 0.079172,
        "nauc_mrr_at_1000_max": 0.159071,
        "nauc_mrr_at_1000_std": 0.441516,
        "nauc_mrr_at_1000_diff1": 0.079011,
        "main_score": 0.06872,
        "hf_subset": "default",
        "languages": [
          "eng-Latn"
        ]
      }
    ]
  },
  "evaluation_time": 46.02853274345398,
  "kg_co2_emissions": null
}