{
  "dataset_revision": "db8f169f3894c14a00251061f957b2063eef2bd5",
  "task_name": "StackOverflowQA",
  "mteb_version": "1.39.7",
  "scores": {
    "test": [
      {
        "ndcg_at_1": 0.91023,
        "ndcg_at_3": 0.93833,
        "ndcg_at_5": 0.94144,
        "ndcg_at_10": 0.94549,
        "ndcg_at_20": 0.94765,
        "ndcg_at_100": 0.94907,
        "ndcg_at_1000": 0.9495,
        "map_at_1": 0.91023,
        "map_at_3": 0.93171,
        "map_at_5": 0.93344,
        "map_at_10": 0.93511,
        "map_at_20": 0.9357,
        "map_at_100": 0.93591,
        "map_at_1000": 0.93592,
        "recall_at_1": 0.91023,
        "recall_at_3": 0.95737,
        "recall_at_5": 0.96489,
        "recall_at_10": 0.97743,
        "recall_at_20": 0.98596,
        "recall_at_100": 0.99348,
        "recall_at_1000": 0.99699,
        "precision_at_1": 0.91023,
        "precision_at_3": 0.31912,
        "precision_at_5": 0.19298,
        "precision_at_10": 0.09774,
        "precision_at_20": 0.0493,
        "precision_at_100": 0.00993,
        "precision_at_1000": 0.001,
        "mrr_at_1": 0.911234,
        "mrr_at_3": 0.932046,
        "mrr_at_5": 0.933902,
        "mrr_at_10": 0.935571,
        "mrr_at_20": 0.936138,
        "mrr_at_100": 0.936366,
        "mrr_at_1000": 0.936379,
        "nauc_ndcg_at_1_max": 0.818026,
        "nauc_ndcg_at_1_std": -0.079734,
        "nauc_ndcg_at_1_diff1": 0.955644,
        "nauc_ndcg_at_3_max": 0.848311,
        "nauc_ndcg_at_3_std": -0.066497,
        "nauc_ndcg_at_3_diff1": 0.957019,
        "nauc_ndcg_at_5_max": 0.845351,
        "nauc_ndcg_at_5_std": -0.064704,
        "nauc_ndcg_at_5_diff1": 0.956135,
        "nauc_ndcg_at_10_max": 0.842293,
        "nauc_ndcg_at_10_std": -0.058521,
        "nauc_ndcg_at_10_diff1": 0.95642,
        "nauc_ndcg_at_20_max": 0.843613,
        "nauc_ndcg_at_20_std": -0.056997,
        "nauc_ndcg_at_20_diff1": 0.956807,
        "nauc_ndcg_at_100_max": 0.841131,
        "nauc_ndcg_at_100_std": -0.061472,
        "nauc_ndcg_at_100_diff1": 0.956946,
        "nauc_ndcg_at_1000_max": 0.840452,
        "nauc_ndcg_at_1000_std": -0.063355,
        "nauc_ndcg_at_1000_diff1": 0.956751,
        "nauc_map_at_1_max": 0.818026,
        "nauc_map_at_1_std": -0.079734,
        "nauc_map_at_1_diff1": 0.955644,
        "nauc_map_at_3_max": 0.839407,
        "nauc_map_at_3_std": -0.072648,
        "nauc_map_at_3_diff1": 0.956468,
        "nauc_map_at_5_max": 0.837808,
        "nauc_map_at_5_std": -0.071427,
        "nauc_map_at_5_diff1": 0.956026,
        "nauc_map_at_10_max": 0.836457,
        "nauc_map_at_10_std": -0.069424,
        "nauc_map_at_10_diff1": 0.956119,
        "nauc_map_at_20_max": 0.836672,
        "nauc_map_at_20_std": -0.069182,
        "nauc_map_at_20_diff1": 0.956188,
        "nauc_map_at_100_max": 0.836401,
        "nauc_map_at_100_std": -0.069556,
        "nauc_map_at_100_diff1": 0.956231,
        "nauc_map_at_1000_max": 0.836387,
        "nauc_map_at_1000_std": -0.069626,
        "nauc_map_at_1000_diff1": 0.956227,
        "nauc_recall_at_1_max": 0.818026,
        "nauc_recall_at_1_std": -0.079734,
        "nauc_recall_at_1_diff1": 0.955644,
        "nauc_recall_at_3_max": 0.889014,
        "nauc_recall_at_3_std": -0.036767,
        "nauc_recall_at_3_diff1": 0.959639,
        "nauc_recall_at_5_max": 0.885138,
        "nauc_recall_at_5_std": -0.027109,
        "nauc_recall_at_5_diff1": 0.956591,
        "nauc_recall_at_10_max": 0.885941,
        "nauc_recall_at_10_std": 0.040078,
        "nauc_recall_at_10_diff1": 0.958977,
        "nauc_recall_at_20_max": 0.932899,
        "nauc_recall_at_20_std": 0.122315,
        "nauc_recall_at_20_diff1": 0.966742,
        "nauc_recall_at_100_max": 0.928368,
        "nauc_recall_at_100_std": 0.116475,
        "nauc_recall_at_100_diff1": 0.979894,
        "nauc_recall_at_1000_max": 0.931924,
        "nauc_recall_at_1000_std": 0.092255,
        "nauc_recall_at_1000_diff1": 0.978218,
        "nauc_precision_at_1_max": 0.818026,
        "nauc_precision_at_1_std": -0.079734,
        "nauc_precision_at_1_diff1": 0.955644,
        "nauc_precision_at_3_max": 0.889014,
        "nauc_precision_at_3_std": -0.036767,
        "nauc_precision_at_3_diff1": 0.959639,
        "nauc_precision_at_5_max": 0.885138,
        "nauc_precision_at_5_std": -0.027109,
        "nauc_precision_at_5_diff1": 0.956591,
        "nauc_precision_at_10_max": 0.885941,
        "nauc_precision_at_10_std": 0.040078,
        "nauc_precision_at_10_diff1": 0.958977,
        "nauc_precision_at_20_max": 0.932899,
        "nauc_precision_at_20_std": 0.122315,
        "nauc_precision_at_20_diff1": 0.966742,
        "nauc_precision_at_100_max": 0.928368,
        "nauc_precision_at_100_std": 0.116475,
        "nauc_precision_at_100_diff1": 0.979894,
        "nauc_precision_at_1000_max": 0.931924,
        "nauc_precision_at_1000_std": 0.092255,
        "nauc_precision_at_1000_diff1": 0.978218,
        "nauc_mrr_at_1_max": 0.823326,
        "nauc_mrr_at_1_std": -0.07821,
        "nauc_mrr_at_1_diff1": 0.955143,
        "nauc_mrr_at_3_max": 0.843099,
        "nauc_mrr_at_3_std": -0.074255,
        "nauc_mrr_at_3_diff1": 0.956254,
        "nauc_mrr_at_5_max": 0.841536,
        "nauc_mrr_at_5_std": -0.071023,
        "nauc_mrr_at_5_diff1": 0.95572,
        "nauc_mrr_at_10_max": 0.840286,
        "nauc_mrr_at_10_std": -0.068967,
        "nauc_mrr_at_10_diff1": 0.955809,
        "nauc_mrr_at_20_max": 0.840434,
        "nauc_mrr_at_20_std": -0.068377,
        "nauc_mrr_at_20_diff1": 0.955837,
        "nauc_mrr_at_100_max": 0.840277,
        "nauc_mrr_at_100_std": -0.069075,
        "nauc_mrr_at_100_diff1": 0.955913,
        "nauc_mrr_at_1000_max": 0.840263,
        "nauc_mrr_at_1000_std": -0.069145,
        "nauc_mrr_at_1000_diff1": 0.955908,
        "main_score": 0.94549,
        "hf_subset": "default",
        "languages": [
          "eng-Latn"
        ]
      }
    ]
  },
  "evaluation_time": 384.99740767478943,
  "kg_co2_emissions": null
}