{
  "dataset_revision": "9097e99aa8c9d827189c65f2e11bfe756af439f6",
  "task_name": "TempReasonL1",
  "mteb_version": "1.39.7",
  "scores": {
    "test": [
      {
        "ndcg_at_1": 0.001,
        "ndcg_at_3": 0.00858,
        "ndcg_at_5": 0.01389,
        "ndcg_at_10": 0.02028,
        "ndcg_at_20": 0.02782,
        "ndcg_at_100": 0.055,
        "ndcg_at_1000": 0.11052,
        "map_at_1": 0.001,
        "map_at_3": 0.00671,
        "map_at_5": 0.00968,
        "map_at_10": 0.01224,
        "map_at_20": 0.01425,
        "map_at_100": 0.01763,
        "map_at_1000": 0.0192,
        "recall_at_1": 0.001,
        "recall_at_3": 0.014,
        "recall_at_5": 0.02675,
        "recall_at_10": 0.047,
        "recall_at_20": 0.07725,
        "recall_at_100": 0.2295,
        "recall_at_1000": 0.69675,
        "precision_at_1": 0.001,
        "precision_at_3": 0.00467,
        "precision_at_5": 0.00535,
        "precision_at_10": 0.0047,
        "precision_at_20": 0.00386,
        "precision_at_100": 0.00229,
        "precision_at_1000": 0.0007,
        "mrr_at_1": 0.001,
        "mrr_at_3": 0.006708,
        "mrr_at_5": 0.009733,
        "mrr_at_10": 0.012249,
        "mrr_at_20": 0.014318,
        "mrr_at_100": 0.017665,
        "mrr_at_1000": 0.019238,
        "nauc_ndcg_at_1_max": -0.43319,
        "nauc_ndcg_at_1_std": 0.064663,
        "nauc_ndcg_at_1_diff1": -0.056681,
        "nauc_ndcg_at_3_max": -0.100027,
        "nauc_ndcg_at_3_std": 0.058502,
        "nauc_ndcg_at_3_diff1": 0.144583,
        "nauc_ndcg_at_5_max": -0.003219,
        "nauc_ndcg_at_5_std": 0.040078,
        "nauc_ndcg_at_5_diff1": 0.198067,
        "nauc_ndcg_at_10_max": 0.062063,
        "nauc_ndcg_at_10_std": 0.038413,
        "nauc_ndcg_at_10_diff1": 0.221609,
        "nauc_ndcg_at_20_max": 0.070221,
        "nauc_ndcg_at_20_std": 0.064818,
        "nauc_ndcg_at_20_diff1": 0.196866,
        "nauc_ndcg_at_100_max": 0.090456,
        "nauc_ndcg_at_100_std": 0.08322,
        "nauc_ndcg_at_100_diff1": 0.180236,
        "nauc_ndcg_at_1000_max": 0.128611,
        "nauc_ndcg_at_1000_std": 0.146561,
        "nauc_ndcg_at_1000_diff1": 0.16938,
        "nauc_map_at_1_max": -0.43319,
        "nauc_map_at_1_std": 0.064663,
        "nauc_map_at_1_diff1": -0.056681,
        "nauc_map_at_3_max": -0.117309,
        "nauc_map_at_3_std": 0.061144,
        "nauc_map_at_3_diff1": 0.131095,
        "nauc_map_at_5_max": -0.03379,
        "nauc_map_at_5_std": 0.045805,
        "nauc_map_at_5_diff1": 0.178266,
        "nauc_map_at_10_max": 0.014407,
        "nauc_map_at_10_std": 0.044095,
        "nauc_map_at_10_diff1": 0.195579,
        "nauc_map_at_20_max": 0.023723,
        "nauc_map_at_20_std": 0.056322,
        "nauc_map_at_20_diff1": 0.187234,
        "nauc_map_at_100_max": 0.039011,
        "nauc_map_at_100_std": 0.06327,
        "nauc_map_at_100_diff1": 0.186231,
        "nauc_map_at_1000_max": 0.041348,
        "nauc_map_at_1000_std": 0.068687,
        "nauc_map_at_1000_diff1": 0.184611,
        "nauc_recall_at_1_max": -0.43319,
        "nauc_recall_at_1_std": 0.064663,
        "nauc_recall_at_1_diff1": -0.056681,
        "nauc_recall_at_3_max": -0.07508,
        "nauc_recall_at_3_std": 0.054372,
        "nauc_recall_at_3_diff1": 0.164471,
        "nauc_recall_at_5_max": 0.033261,
        "nauc_recall_at_5_std": 0.032922,
        "nauc_recall_at_5_diff1": 0.221689,
        "nauc_recall_at_10_max": 0.108706,
        "nauc_recall_at_10_std": 0.032938,
        "nauc_recall_at_10_diff1": 0.247034,
        "nauc_recall_at_20_max": 0.104553,
        "nauc_recall_at_20_std": 0.074255,
        "nauc_recall_at_20_diff1": 0.200146,
        "nauc_recall_at_100_max": 0.11284,
        "nauc_recall_at_100_std": 0.096639,
        "nauc_recall_at_100_diff1": 0.169462,
        "nauc_recall_at_1000_max": 0.216298,
        "nauc_recall_at_1000_std": 0.25109,
        "nauc_recall_at_1000_diff1": 0.146204,
        "nauc_precision_at_1_max": -0.43319,
        "nauc_precision_at_1_std": 0.064663,
        "nauc_precision_at_1_diff1": -0.056681,
        "nauc_precision_at_3_max": -0.07508,
        "nauc_precision_at_3_std": 0.054372,
        "nauc_precision_at_3_diff1": 0.164471,
        "nauc_precision_at_5_max": 0.033261,
        "nauc_precision_at_5_std": 0.032922,
        "nauc_precision_at_5_diff1": 0.221689,
        "nauc_precision_at_10_max": 0.108706,
        "nauc_precision_at_10_std": 0.032938,
        "nauc_precision_at_10_diff1": 0.247034,
        "nauc_precision_at_20_max": 0.104553,
        "nauc_precision_at_20_std": 0.074255,
        "nauc_precision_at_20_diff1": 0.200146,
        "nauc_precision_at_100_max": 0.11284,
        "nauc_precision_at_100_std": 0.096639,
        "nauc_precision_at_100_diff1": 0.169462,
        "nauc_precision_at_1000_max": 0.216298,
        "nauc_precision_at_1000_std": 0.25109,
        "nauc_precision_at_1000_diff1": 0.146204,
        "nauc_mrr_at_1_max": -0.43319,
        "nauc_mrr_at_1_std": 0.064663,
        "nauc_mrr_at_1_diff1": -0.056681,
        "nauc_mrr_at_3_max": -0.117309,
        "nauc_mrr_at_3_std": 0.061144,
        "nauc_mrr_at_3_diff1": 0.131095,
        "nauc_mrr_at_5_max": -0.032239,
        "nauc_mrr_at_5_std": 0.046076,
        "nauc_mrr_at_5_diff1": 0.181619,
        "nauc_mrr_at_10_max": 0.013222,
        "nauc_mrr_at_10_std": 0.044195,
        "nauc_mrr_at_10_diff1": 0.195465,
        "nauc_mrr_at_20_max": 0.023825,
        "nauc_mrr_at_20_std": 0.056289,
        "nauc_mrr_at_20_diff1": 0.187789,
        "nauc_mrr_at_100_max": 0.038146,
        "nauc_mrr_at_100_std": 0.063139,
        "nauc_mrr_at_100_diff1": 0.186248,
        "nauc_mrr_at_1000_max": 0.040482,
        "nauc_mrr_at_1000_std": 0.068544,
        "nauc_mrr_at_1000_diff1": 0.184559,
        "main_score": 0.02028,
        "hf_subset": "default",
        "languages": [
          "eng-Latn"
        ]
      }
    ]
  },
  "evaluation_time": 199.61321115493774,
  "kg_co2_emissions": null
}