{
  "dataset_revision": "bb9466bac8153a0349341eb1b22e06409e78ef4e",
  "task_name": "TRECCOVID",
  "mteb_version": "1.39.7",
  "scores": {
    "test": [
      {
        "ndcg_at_1": 0.85,
        "ndcg_at_3": 0.84642,
        "ndcg_at_5": 0.81927,
        "ndcg_at_10": 0.80328,
        "ndcg_at_20": 0.78455,
        "ndcg_at_100": 0.6647,
        "ndcg_at_1000": 0.60248,
        "map_at_1": 0.00247,
        "map_at_3": 0.00689,
        "map_at_5": 0.01091,
        "map_at_10": 0.02083,
        "map_at_20": 0.03886,
        "map_at_100": 0.13776,
        "map_at_1000": 0.34289,
        "recall_at_1": 0.00247,
        "recall_at_3": 0.00713,
        "recall_at_5": 0.01138,
        "recall_at_10": 0.02226,
        "recall_at_20": 0.04326,
        "recall_at_100": 0.16925,
        "recall_at_1000": 0.57098,
        "precision_at_1": 0.92,
        "precision_at_3": 0.9,
        "precision_at_5": 0.864,
        "precision_at_10": 0.844,
        "precision_at_20": 0.824,
        "precision_at_100": 0.6898,
        "precision_at_1000": 0.26688,
        "mrr_at_1": 0.9,
        "mrr_at_3": 0.946667,
        "mrr_at_5": 0.946667,
        "mrr_at_10": 0.946667,
        "mrr_at_20": 0.946667,
        "mrr_at_100": 0.946667,
        "mrr_at_1000": 0.946667,
        "nauc_ndcg_at_1_max": 0.411183,
        "nauc_ndcg_at_1_std": 0.654953,
        "nauc_ndcg_at_1_diff1": 0.454953,
        "nauc_ndcg_at_3_max": 0.381434,
        "nauc_ndcg_at_3_std": 0.553721,
        "nauc_ndcg_at_3_diff1": 0.343504,
        "nauc_ndcg_at_5_max": 0.370969,
        "nauc_ndcg_at_5_std": 0.534491,
        "nauc_ndcg_at_5_diff1": 0.357385,
        "nauc_ndcg_at_10_max": 0.346962,
        "nauc_ndcg_at_10_std": 0.570375,
        "nauc_ndcg_at_10_diff1": 0.355998,
        "nauc_ndcg_at_20_max": 0.355417,
        "nauc_ndcg_at_20_std": 0.631207,
        "nauc_ndcg_at_20_diff1": 0.316752,
        "nauc_ndcg_at_100_max": 0.257643,
        "nauc_ndcg_at_100_std": 0.702647,
        "nauc_ndcg_at_100_diff1": 0.140273,
        "nauc_ndcg_at_1000_max": 0.241654,
        "nauc_ndcg_at_1000_std": 0.677525,
        "nauc_ndcg_at_1000_diff1": 0.232504,
        "nauc_map_at_1_max": -0.124615,
        "nauc_map_at_1_std": -0.020444,
        "nauc_map_at_1_diff1": 0.167206,
        "nauc_map_at_3_max": -0.06535,
        "nauc_map_at_3_std": 0.048432,
        "nauc_map_at_3_diff1": 0.228003,
        "nauc_map_at_5_max": -0.037948,
        "nauc_map_at_5_std": 0.078129,
        "nauc_map_at_5_diff1": 0.269135,
        "nauc_map_at_10_max": -0.016306,
        "nauc_map_at_10_std": 0.122706,
        "nauc_map_at_10_diff1": 0.279055,
        "nauc_map_at_20_max": 0.004126,
        "nauc_map_at_20_std": 0.180546,
        "nauc_map_at_20_diff1": 0.298107,
        "nauc_map_at_100_max": 0.037037,
        "nauc_map_at_100_std": 0.506646,
        "nauc_map_at_100_diff1": 0.206461,
        "nauc_map_at_1000_max": 0.228958,
        "nauc_map_at_1000_std": 0.714512,
        "nauc_map_at_1000_diff1": 0.203223,
        "nauc_recall_at_1_max": -0.124615,
        "nauc_recall_at_1_std": -0.020444,
        "nauc_recall_at_1_diff1": 0.167206,
        "nauc_recall_at_3_max": -0.099872,
        "nauc_recall_at_3_std": 0.01455,
        "nauc_recall_at_3_diff1": 0.192338,
        "nauc_recall_at_5_max": -0.072479,
        "nauc_recall_at_5_std": 0.047734,
        "nauc_recall_at_5_diff1": 0.234857,
        "nauc_recall_at_10_max": -0.061053,
        "nauc_recall_at_10_std": 0.077327,
        "nauc_recall_at_10_diff1": 0.236205,
        "nauc_recall_at_20_max": -0.07412,
        "nauc_recall_at_20_std": 0.099195,
        "nauc_recall_at_20_diff1": 0.220837,
        "nauc_recall_at_100_max": -0.07287,
        "nauc_recall_at_100_std": 0.348469,
        "nauc_recall_at_100_diff1": 0.147085,
        "nauc_recall_at_1000_max": 0.166593,
        "nauc_recall_at_1000_std": 0.56341,
        "nauc_recall_at_1000_diff1": 0.197322,
        "nauc_precision_at_1_max": 0.455182,
        "nauc_precision_at_1_std": 0.583917,
        "nauc_precision_at_1_diff1": 0.568277,
        "nauc_precision_at_3_max": 0.448609,
        "nauc_precision_at_3_std": 0.450786,
        "nauc_precision_at_3_diff1": 0.353222,
        "nauc_precision_at_5_max": 0.491265,
        "nauc_precision_at_5_std": 0.470567,
        "nauc_precision_at_5_diff1": 0.432368,
        "nauc_precision_at_10_max": 0.43883,
        "nauc_precision_at_10_std": 0.571826,
        "nauc_precision_at_10_diff1": 0.404891,
        "nauc_precision_at_20_max": 0.457822,
        "nauc_precision_at_20_std": 0.663433,
        "nauc_precision_at_20_diff1": 0.335411,
        "nauc_precision_at_100_max": 0.264658,
        "nauc_precision_at_100_std": 0.706509,
        "nauc_precision_at_100_diff1": 0.079636,
        "nauc_precision_at_1000_max": 0.380911,
        "nauc_precision_at_1000_std": 0.366667,
        "nauc_precision_at_1000_diff1": 0.0648,
        "nauc_mrr_at_1_max": 0.474977,
        "nauc_mrr_at_1_std": 0.667134,
        "nauc_mrr_at_1_diff1": 0.654622,
        "nauc_mrr_at_3_max": 0.507791,
        "nauc_mrr_at_3_std": 0.647817,
        "nauc_mrr_at_3_diff1": 0.676208,
        "nauc_mrr_at_5_max": 0.507791,
        "nauc_mrr_at_5_std": 0.647817,
        "nauc_mrr_at_5_diff1": 0.676208,
        "nauc_mrr_at_10_max": 0.507791,
        "nauc_mrr_at_10_std": 0.647817,
        "nauc_mrr_at_10_diff1": 0.676208,
        "nauc_mrr_at_20_max": 0.507791,
        "nauc_mrr_at_20_std": 0.647817,
        "nauc_mrr_at_20_diff1": 0.676208,
        "nauc_mrr_at_100_max": 0.507791,
        "nauc_mrr_at_100_std": 0.647817,
        "nauc_mrr_at_100_diff1": 0.676208,
        "nauc_mrr_at_1000_max": 0.507791,
        "nauc_mrr_at_1000_std": 0.647817,
        "nauc_mrr_at_1000_diff1": 0.676208,
        "main_score": 0.80328,
        "hf_subset": "default",
        "languages": [
          "eng-Latn"
        ]
      }
    ]
  },
  "evaluation_time": 1255.9144105911255,
  "kg_co2_emissions": null
}