{
  "dataset_revision": "099ee143c7fdfa6bd7965be8c801cb161c313b29",
  "task_name": "TwitterHjerneRetrieval",
  "mteb_version": "1.39.7",
  "scores": {
    "train": [
      {
        "ndcg_at_1": 0.83117,
        "ndcg_at_3": 0.72971,
        "ndcg_at_5": 0.72146,
        "ndcg_at_10": 0.7537,
        "ndcg_at_20": 0.77552,
        "ndcg_at_100": 0.80682,
        "ndcg_at_1000": 0.81663,
        "map_at_1": 0.27186,
        "map_at_3": 0.55563,
        "map_at_5": 0.63536,
        "map_at_10": 0.66635,
        "map_at_20": 0.67822,
        "map_at_100": 0.68707,
        "map_at_1000": 0.68801,
        "recall_at_1": 0.27186,
        "recall_at_3": 0.5816,
        "recall_at_5": 0.69156,
        "recall_at_10": 0.77013,
        "recall_at_20": 0.82814,
        "recall_at_100": 0.9474,
        "recall_at_1000": 1.0,
        "precision_at_1": 0.83117,
        "precision_at_3": 0.64502,
        "precision_at_5": 0.47532,
        "precision_at_10": 0.26623,
        "precision_at_20": 0.14351,
        "precision_at_100": 0.03247,
        "precision_at_1000": 0.0034,
        "mrr_at_1": 0.831169,
        "mrr_at_3": 0.874459,
        "mrr_at_5": 0.880303,
        "mrr_at_10": 0.880303,
        "mrr_at_20": 0.880303,
        "mrr_at_100": 0.880654,
        "mrr_at_1000": 0.880808,
        "nauc_ndcg_at_1_max": 0.874044,
        "nauc_ndcg_at_1_std": 0.497254,
        "nauc_ndcg_at_1_diff1": 0.77769,
        "nauc_ndcg_at_3_max": 0.751803,
        "nauc_ndcg_at_3_std": 0.189906,
        "nauc_ndcg_at_3_diff1": 0.387734,
        "nauc_ndcg_at_5_max": 0.687734,
        "nauc_ndcg_at_5_std": 0.204556,
        "nauc_ndcg_at_5_diff1": 0.344215,
        "nauc_ndcg_at_10_max": 0.698236,
        "nauc_ndcg_at_10_std": 0.208564,
        "nauc_ndcg_at_10_diff1": 0.385236,
        "nauc_ndcg_at_20_max": 0.744111,
        "nauc_ndcg_at_20_std": 0.201531,
        "nauc_ndcg_at_20_diff1": 0.419588,
        "nauc_ndcg_at_100_max": 0.748664,
        "nauc_ndcg_at_100_std": 0.247412,
        "nauc_ndcg_at_100_diff1": 0.450987,
        "nauc_ndcg_at_1000_max": 0.745999,
        "nauc_ndcg_at_1000_std": 0.235168,
        "nauc_ndcg_at_1000_diff1": 0.433643,
        "nauc_map_at_1_max": 0.210415,
        "nauc_map_at_1_std": -0.057601,
        "nauc_map_at_1_diff1": 0.390911,
        "nauc_map_at_3_max": 0.554441,
        "nauc_map_at_3_std": 0.006155,
        "nauc_map_at_3_diff1": 0.379977,
        "nauc_map_at_5_max": 0.659746,
        "nauc_map_at_5_std": 0.141509,
        "nauc_map_at_5_diff1": 0.316337,
        "nauc_map_at_10_max": 0.675999,
        "nauc_map_at_10_std": 0.150613,
        "nauc_map_at_10_diff1": 0.337478,
        "nauc_map_at_20_max": 0.698935,
        "nauc_map_at_20_std": 0.143066,
        "nauc_map_at_20_diff1": 0.353644,
        "nauc_map_at_100_max": 0.698359,
        "nauc_map_at_100_std": 0.154062,
        "nauc_map_at_100_diff1": 0.357699,
        "nauc_map_at_1000_max": 0.698023,
        "nauc_map_at_1000_std": 0.153,
        "nauc_map_at_1000_diff1": 0.356189,
        "nauc_recall_at_1_max": 0.210415,
        "nauc_recall_at_1_std": -0.057601,
        "nauc_recall_at_1_diff1": 0.390911,
        "nauc_recall_at_3_max": 0.51836,
        "nauc_recall_at_3_std": -0.041613,
        "nauc_recall_at_3_diff1": 0.329115,
        "nauc_recall_at_5_max": 0.590532,
        "nauc_recall_at_5_std": 0.148517,
        "nauc_recall_at_5_diff1": 0.207884,
        "nauc_recall_at_10_max": 0.591029,
        "nauc_recall_at_10_std": 0.177453,
        "nauc_recall_at_10_diff1": 0.283045,
        "nauc_recall_at_20_max": 0.702936,
        "nauc_recall_at_20_std": 0.154836,
        "nauc_recall_at_20_diff1": 0.37002,
        "nauc_recall_at_100_max": 0.754219,
        "nauc_recall_at_100_std": 0.45033,
        "nauc_recall_at_100_diff1": 0.672459,
        "nauc_recall_at_1000_max": NaN,
        "nauc_recall_at_1000_std": NaN,
        "nauc_recall_at_1000_diff1": NaN,
        "nauc_precision_at_1_max": 0.874044,
        "nauc_precision_at_1_std": 0.497254,
        "nauc_precision_at_1_diff1": 0.77769,
        "nauc_precision_at_3_max": 0.650956,
        "nauc_precision_at_3_std": 0.226339,
        "nauc_precision_at_3_diff1": 0.217346,
        "nauc_precision_at_5_max": 0.560824,
        "nauc_precision_at_5_std": 0.335072,
        "nauc_precision_at_5_diff1": 0.060117,
        "nauc_precision_at_10_max": 0.48464,
        "nauc_precision_at_10_std": 0.344711,
        "nauc_precision_at_10_diff1": 0.075106,
        "nauc_precision_at_20_max": 0.474914,
        "nauc_precision_at_20_std": 0.30744,
        "nauc_precision_at_20_diff1": 0.079255,
        "nauc_precision_at_100_max": 0.332885,
        "nauc_precision_at_100_std": 0.39893,
        "nauc_precision_at_100_diff1": 0.010393,
        "nauc_precision_at_1000_max": 0.230088,
        "nauc_precision_at_1000_std": 0.356776,
        "nauc_precision_at_1000_diff1": -0.084229,
        "nauc_mrr_at_1_max": 0.874044,
        "nauc_mrr_at_1_std": 0.497254,
        "nauc_mrr_at_1_diff1": 0.77769,
        "nauc_mrr_at_3_max": 0.86042,
        "nauc_mrr_at_3_std": 0.4542,
        "nauc_mrr_at_3_diff1": 0.784708,
        "nauc_mrr_at_5_max": 0.867415,
        "nauc_mrr_at_5_std": 0.483142,
        "nauc_mrr_at_5_diff1": 0.780039,
        "nauc_mrr_at_10_max": 0.867415,
        "nauc_mrr_at_10_std": 0.483142,
        "nauc_mrr_at_10_diff1": 0.780039,
        "nauc_mrr_at_20_max": 0.867415,
        "nauc_mrr_at_20_std": 0.483142,
        "nauc_mrr_at_20_diff1": 0.780039,
        "nauc_mrr_at_100_max": 0.867411,
        "nauc_mrr_at_100_std": 0.482922,
        "nauc_mrr_at_100_diff1": 0.780728,
        "nauc_mrr_at_1000_max": 0.867324,
        "nauc_mrr_at_1000_std": 0.482419,
        "nauc_mrr_at_1000_diff1": 0.780704,
        "main_score": 0.7537,
        "hf_subset": "default",
        "languages": [
          "dan-Latn"
        ]
      }
    ]
  },
  "evaluation_time": 1.2743268013000488,
  "kg_co2_emissions": null
}