{
  "dataset_revision": "f74c094f321077cf909ddfb8bccc1b5912a4ac28",
  "task_name": "WinoGrande",
  "mteb_version": "1.39.7",
  "scores": {
    "test": [
      {
        "ndcg_at_1": 0.23678,
        "ndcg_at_3": 0.38099,
        "ndcg_at_5": 0.42167,
        "ndcg_at_10": 0.46209,
        "ndcg_at_20": 0.49131,
        "ndcg_at_100": 0.51885,
        "ndcg_at_1000": 0.52321,
        "map_at_1": 0.23678,
        "map_at_3": 0.3457,
        "map_at_5": 0.36811,
        "map_at_10": 0.38485,
        "map_at_20": 0.39291,
        "map_at_100": 0.3971,
        "map_at_1000": 0.39729,
        "recall_at_1": 0.23678,
        "recall_at_3": 0.48303,
        "recall_at_5": 0.58248,
        "recall_at_10": 0.70718,
        "recall_at_20": 0.82242,
        "recall_at_100": 0.96527,
        "recall_at_1000": 0.99842,
        "precision_at_1": 0.23678,
        "precision_at_3": 0.16101,
        "precision_at_5": 0.1165,
        "precision_at_10": 0.07072,
        "precision_at_20": 0.04112,
        "precision_at_100": 0.00965,
        "precision_at_1000": 0.001,
        "mrr_at_1": 0.237569,
        "mrr_at_3": 0.346093,
        "mrr_at_5": 0.36835,
        "mrr_at_10": 0.38522,
        "mrr_at_20": 0.393247,
        "mrr_at_100": 0.397483,
        "mrr_at_1000": 0.397668,
        "nauc_ndcg_at_1_max": -0.061842,
        "nauc_ndcg_at_1_std": -0.230584,
        "nauc_ndcg_at_1_diff1": 0.251059,
        "nauc_ndcg_at_3_max": -0.113955,
        "nauc_ndcg_at_3_std": -0.312764,
        "nauc_ndcg_at_3_diff1": 0.204866,
        "nauc_ndcg_at_5_max": -0.141003,
        "nauc_ndcg_at_5_std": -0.3272,
        "nauc_ndcg_at_5_diff1": 0.196539,
        "nauc_ndcg_at_10_max": -0.152476,
        "nauc_ndcg_at_10_std": -0.344965,
        "nauc_ndcg_at_10_diff1": 0.193405,
        "nauc_ndcg_at_20_max": -0.154866,
        "nauc_ndcg_at_20_std": -0.342897,
        "nauc_ndcg_at_20_diff1": 0.201116,
        "nauc_ndcg_at_100_max": -0.13686,
        "nauc_ndcg_at_100_std": -0.317277,
        "nauc_ndcg_at_100_diff1": 0.202488,
        "nauc_ndcg_at_1000_max": -0.130037,
        "nauc_ndcg_at_1000_std": -0.315894,
        "nauc_ndcg_at_1000_diff1": 0.206702,
        "nauc_map_at_1_max": -0.061842,
        "nauc_map_at_1_std": -0.230584,
        "nauc_map_at_1_diff1": 0.251059,
        "nauc_map_at_3_max": -0.099949,
        "nauc_map_at_3_std": -0.294021,
        "nauc_map_at_3_diff1": 0.214749,
        "nauc_map_at_5_max": -0.114618,
        "nauc_map_at_5_std": -0.301585,
        "nauc_map_at_5_diff1": 0.210426,
        "nauc_map_at_10_max": -0.118174,
        "nauc_map_at_10_std": -0.307838,
        "nauc_map_at_10_diff1": 0.209583,
        "nauc_map_at_20_max": -0.118267,
        "nauc_map_at_20_std": -0.306713,
        "nauc_map_at_20_diff1": 0.211908,
        "nauc_map_at_100_max": -0.115624,
        "nauc_map_at_100_std": -0.30284,
        "nauc_map_at_100_diff1": 0.212416,
        "nauc_map_at_1000_max": -0.11541,
        "nauc_map_at_1000_std": -0.302796,
        "nauc_map_at_1000_diff1": 0.212524,
        "nauc_recall_at_1_max": -0.061842,
        "nauc_recall_at_1_std": -0.230584,
        "nauc_recall_at_1_diff1": 0.251059,
        "nauc_recall_at_3_max": -0.153012,
        "nauc_recall_at_3_std": -0.363944,
        "nauc_recall_at_3_diff1": 0.178126,
        "nauc_recall_at_5_max": -0.223479,
        "nauc_recall_at_5_std": -0.40464,
        "nauc_recall_at_5_diff1": 0.154678,
        "nauc_recall_at_10_max": -0.289252,
        "nauc_recall_at_10_std": -0.491153,
        "nauc_recall_at_10_diff1": 0.132141,
        "nauc_recall_at_20_max": -0.373472,
        "nauc_recall_at_20_std": -0.551296,
        "nauc_recall_at_20_diff1": 0.150218,
        "nauc_recall_at_100_max": -0.512922,
        "nauc_recall_at_100_std": -0.394597,
        "nauc_recall_at_100_diff1": -0.018161,
        "nauc_recall_at_1000_max": 0.275416,
        "nauc_recall_at_1000_std": -0.215297,
        "nauc_recall_at_1000_diff1": 0.869247,
        "nauc_precision_at_1_max": -0.061842,
        "nauc_precision_at_1_std": -0.230584,
        "nauc_precision_at_1_diff1": 0.251059,
        "nauc_precision_at_3_max": -0.153012,
        "nauc_precision_at_3_std": -0.363944,
        "nauc_precision_at_3_diff1": 0.178126,
        "nauc_precision_at_5_max": -0.223479,
        "nauc_precision_at_5_std": -0.40464,
        "nauc_precision_at_5_diff1": 0.154678,
        "nauc_precision_at_10_max": -0.289252,
        "nauc_precision_at_10_std": -0.491153,
        "nauc_precision_at_10_diff1": 0.132141,
        "nauc_precision_at_20_max": -0.373472,
        "nauc_precision_at_20_std": -0.551296,
        "nauc_precision_at_20_diff1": 0.150218,
        "nauc_precision_at_100_max": -0.512922,
        "nauc_precision_at_100_std": -0.394597,
        "nauc_precision_at_100_diff1": -0.018161,
        "nauc_precision_at_1000_max": 0.275416,
        "nauc_precision_at_1000_std": -0.215297,
        "nauc_precision_at_1000_diff1": 0.869247,
        "nauc_mrr_at_1_max": -0.064297,
        "nauc_mrr_at_1_std": -0.231663,
        "nauc_mrr_at_1_diff1": 0.248157,
        "nauc_mrr_at_3_max": -0.101171,
        "nauc_mrr_at_3_std": -0.294701,
        "nauc_mrr_at_3_diff1": 0.213202,
        "nauc_mrr_at_5_max": -0.115583,
        "nauc_mrr_at_5_std": -0.302326,
        "nauc_mrr_at_5_diff1": 0.209464,
        "nauc_mrr_at_10_max": -0.119169,
        "nauc_mrr_at_10_std": -0.308309,
        "nauc_mrr_at_10_diff1": 0.208365,
        "nauc_mrr_at_20_max": -0.11915,
        "nauc_mrr_at_20_std": -0.307218,
        "nauc_mrr_at_20_diff1": 0.210562,
        "nauc_mrr_at_100_max": -0.116601,
        "nauc_mrr_at_100_std": -0.303333,
        "nauc_mrr_at_100_diff1": 0.211162,
        "nauc_mrr_at_1000_max": -0.116385,
        "nauc_mrr_at_1000_std": -0.30329,
        "nauc_mrr_at_1000_diff1": 0.211271,
        "main_score": 0.46209,
        "hf_subset": "default",
        "languages": [
          "eng-Latn"
        ]
      }
    ]
  },
  "evaluation_time": 33.432318449020386,
  "kg_co2_emissions": null
}